Artist,Times Played,Artist - Song,Times Played
ED SHEERAN,144,LOLA YOUNG - MESSY,84
BRUNO MARS,111,MILEY CYRUS - END OF THE WORLD,83
LEONY,101,ROSÉ - APT.,80
CLOCKCLOCK,99,BRUNO MARS - APT.,80
MYLES SMITH,94,KAMRAD - BE MINE,68
MILEY CYRUS,93,BURNA BOY - WE PRAY,67
KAMRAD,93,TINI - WE PRAY,67
PURPLE DISCO MACHINE,93,ALEX WARREN - ORDINARY,65
MICHAEL SCHULTE,89,FELIX JAEHN - PRIDE,64
NICO SANTOS,89,JHART - PRIDE,64
LOLA YOUNG,85,BENSON BOONE - SORRY I'M HERE FOR SOMEONE ELSE,63
LADY GAGA,85,ED SHEERAN - SAPPHIRE,63
DUA LIPA,84,LADY GAGA - ABRACADABRA,61
ROSÉ,80,NICO SANTOS - HOME PT. 2,61
SABRINA CARPENTER,75,ED SHEERAN - AZIZAM,59
AVA MAX,75,LITTLE SIMZ - WE PRAY,58
FELIX JAEHN,73,ELYANNA COLDPLAY - WE PRAY,58
MICHAEL PATRICK KELLY,72,MICHAEL SCHULTE - AFTERLIFE,53
ALEX WARREN,70,MYLES SMITH - NICE TO MEET YOU,51
BURNA BOY,67,MICHAEL PATRICK KELLY - THE ONE,51
TINI,67,FAST BOY - BORN AGAIN,46
ONEREPUBLIC,66,CLOCKCLOCK - BORN AGAIN,46
BENSON BOONE,66,HUGEL - I ADORE YOU,45
JHART,64,TOPIC - I ADORE YOU,45
ALVARO SOLER,64,ARASH - I ADORE YOU,45
FAST BOY,63,DAECOLM - I ADORE YOU,45
LOI,60,SABRINA CARPENTER - MANCHILD,43
TOPIC,59,LOI - GET LUCKY,43
REA GARVEY,59,LEONY - BY YOUR SIDE (IN MY MIND),38
DAVID GUETTA,59,SHABOOZEY - BLINK TWICE,37
LITTLE SIMZ,58,MYLES SMITH - BLINK TWICE,37
ELYANNA COLDPLAY,58,PURPLE DISCO MACHINE - WONDERFUL LIFE '25,37
LOST FREQUENCIES,58,HURTS - WONDERFUL LIFE '25,37
MAROON 5,57,MAROON 5 - PRICELESS,36
PINK,56,LISA - PRICELESS,36
ROBBIE WILLIAMS,54,ALVARO SOLER - CON CALMA,36
SIA,54,DASHA - AUSTIN,32
TAYLOR SWIFT,50,ROBBIE WILLIAMS - FORBIDDEN ROAD,28
SHABOOZEY,49,DUA LIPA - HOUDINI,27
KATY PERRY,48,CLOCKCLOCK - ADORE YA,25
ROBIN SCHULZ,48,MARK AMBOR - BELONG TOGETHER,25
HUGEL,45,WIZTHEMC - SHOW ME LOVE,25
ARASH,45,DAVID GUETTA - BEAUTIFUL PEOPLE,24
DAECOLM,45,SIA - BEAUTIFUL PEOPLE,24
GLOCKENBACH,45,BEES WIZTHEMC - SHOW ME LOVE,22
ASDIS,41,HONEY - SHOW ME LOVE,22
LINKIN PARK,40,SELENA GOMEZ - SINGLE SOON,21
COLDPLAY,39,ROBIN SCHULZ - I'LL BE THERE,21
SOPHIE AND THE GIANTS,39,ASDIS - PICK UP!,21
HURTS,39,TWOCOLORS - CYNICAL,21
LISA,37,SAFRI DUO - CYNICAL,21
DASHA,34,CHRIS DE SARANDY - CYNICAL,21
CHRIS DE SARANDY,34,LINKIN PARK - THE EMPTINESS MACHINE,21
KYGO,34,THE WEEKND - DANCING IN THE FLAMES,21
CALVIN HARRIS,33,NEIKED - GLIDE,21
THE WEEKND,33,PORTUGAL.THE MAN - GLIDE,21
JUSTIN TIMBERLAKE,33,RITA ORA - I'LL BE THERE,21
IMAGINE DRAGONS,32,TIAGO PZK - I'LL BE THERE,21
AVICII,32,KENYA GRACE - STRANGERS,20
MICHAEL JACKSON,32,SOPHIE AND THE GIANTS - SHUT UP AND DANCE,20
MARK AMBOR,31,HOZIER - TOO SWEET,20
SELENA GOMEZ,30,ZARA LARSSON - MEMORY LANE,20
ADELE,29,CYRIL - STUMBLIN' IN,20
TEDDY SWIMS,28,BILLIE EILISH - BIRDS OF A FEATHER,19
R3HAB,27,SABRINA CARPENTER - TASTE,18
JENNIFER LOPEZ,27,REA GARVEY - FREE LIKE THE OCEAN,18
CYRIL,27,POST MALONE - CHEMICAL,18
TWOCOLORS,26,AVA MAX - WHATEVER,17
WIZTHEMC,26,TAYLOR SWIFT - CRUEL SUMMER,17
ZARA LARSSON,26,KYGO - WHATEVER,17
NELLY FURTADO,25,ÁSDÍS - PICK UP!,16
MADONNA,25,ARIANA GRANDE - WE CAN'T BE FRIENDS (WAIT FOR YOUR LOVE),16
ALLE FARBEN,24,OFENBACH - OVERDRIVE,16
QUEEN,24,NORMA JEAN MARTINE - OVERDRIVE,16
SAFRI DUO,24,TEDDY SWIMS - BAD DREAMS,16
BACKSTREET BOYS,24,LOST FREQUENCIES - LOVE IS THE ONLY THING,15
JAMES BLUNT,24,MICHAEL SCHULTE - WATERFALL,14
RITA ORA,24,R3HAB - WATERFALL,14
YOUNOTUS,24,LOI - THE WAY I WANT IT,14
SHAWN MENDES,24,LEONY - HOLDING ON,14
BASTILLE,24,LOST FREQUENCIES - THE FEELING,14
RIHANNA,24,LOST FREQUENCIES - HEAD DOWN,14
ÁSDÍS,23,SOMBR - UNDRESSED,14
POST MALONE,23,BASTILLE - HEAD DOWN,14
HONEY,23,SABRINA CARPENTER - ESPRESSO,13
BRYAN ADAMS,22,GLOCKENBACH - MAGIC MOMENT,13
HOZIER,22,REA GARVEY - HALO,13
ELTON JOHN,22,CHRIS DE SARANDY - MAGIC MOMENT,13
LEWIS CAPALDI,22,PURPLE DISCO MACHINE - PARADISE,13
BEES WIZTHEMC,22,PURPLE DISCO MACHINE - ALL MY LIFE,13
SAM SMITH,21,SOPHIE AND THE GIANTS - PARADISE,13
TINA TURNER,21,AVA MAX - SPOT A FAKE,13
NORMA JEAN MARTINE,21,TAYLOR SWIFT - ANTI-HERO,13
HARRY STYLES,21,ROSA LINN - SNAP,13
NEIKED,21,THE MAGICIAN - ALL MY LIFE,13
PORTUGAL.THE MAN,21,CLOCKCLOCK - SOMEDAY SOON,12
TIAGO PZK,21,LEONY - SIMPLE LIFE,12
CHRISTINA AGUILERA,21,LEONY - ROCK N ROLL,12
KENYA GRACE,20,SHABOOZEY - A BAR SONG (TIPSY),12
ARIANA GRANDE,20,G EAZY - ROCK N ROLL,12
PET SHOP BOYS,19,LINKIN PARK - LOST,12
OFENBACH,19,DUA LIPA - ILLUSION,12
ELLIE GOULDING,19,TEDDY SWIMS - LOSE CONTROL,12
BILLIE EILISH,19,JUSTIN TIMBERLAKE - SELFISH,12
TOM GREGORY,19,LEWIS CAPALDI - SURVIVE,12
NICKELBACK,19,SIA - GIMME LOVE,12
R.E.M,18,STEFANIE HEINZMANN - GOOD,12
HERBERT GRÖNEMEYER,18,CALVIN HARRIS - LOVERS IN A PAST LIFE,11
TAKE THAT,18,KAMRAD - FRIENDS,11
GEORGE EZRA,18,ONEREPUBLIC - RUNAWAY,11
BRITNEY SPEARS,18,GLOCKENBACH - HOME,11
BEYONCÉ,18,PURPLE DISCO MACHINE - SUBSTITUTION,11
CLUESO,18,AVICII - LET'S RIDE AWAY,11
ROXETTE,18,TOM WALKER - HOME,11
ZOE WEES,17,KUNGS - SUBSTITUTION,11
P!NK,17,HARRY STYLES - AS IT WAS,11
PHIL COLLINS,17,RAG'N'BONE MAN - LOVERS IN A PAST LIFE,11
,16,CLUESO - MINIMUM,11
GRACIE ABRAMS,16,ELLE KING - LET'S RIDE AWAY,11
JUSTIN BIEBER,16,ONEREPUBLIC - I DON'T WANNA WAIT,10
ANNE-MARIE,16,LADY GAGA - DIE WITH A SMILE,10
JOHANNES OERDING,16,NICO SANTOS - RAY OF LIGHT,10
CHAPPELL ROAN,16,ASDIS - ANGEL EYES,10
DEPECHE MODE,16,DAVID GUETTA - I DON'T WANNA WAIT,10
SOMBR,16,PINK - RUNAWAY,10
MARK FORSTER,16,BRUNO MARS - DIE WITH A SMILE,10
ANASTACIA,16,ELTON JOHN - HOLD ME CLOSER,10
JAX JONES,15,DUA LIPA - TRAINING SEASON,10
AVRIL LAVIGNE,15,ISAAK - ALWAYS ON THE RUN,10
ANDREAS BOURANI,15,BRITNEY SPEARS - HOLD ME CLOSER,10
BON JOVI,15,DOECHII - ANXIETY,10
ERASURE,14,YEARS - KING,10
BLACK EYED PEAS,14,KATY PERRY - WOMAN'S WORLD,9
APACHE 207,14,MICHAEL SCHULTE - BETTER ME,9
LAURELL,14,R3HAB - BETTER ME,9
U2,14,SAM SMITH - LA LA LA,9
STEFANIE HEINZMANN,14,SELENA GOMEZ - CALL ME WHEN YOU BREAK UP,9
TOBY ROMEO,14,COLDPLAY - WE PRAY,9
RAG'N'BONE MAN,14,ELYANNA LITTLE SIMZ - WE PRAY,9
WHITNEY HOUSTON,14,ONEREPUBLIC - BEAUTIFUL COLORS,9
MAX GIESINGER,14,ASDIS - BEAT OF YOUR HEART,9
ALICIA KEYS,14,PURPLE DISCO MACHINE - BEAT OF YOUR HEART,9
ADEL TAWIL,14,GRACIE ABRAMS - CALL ME WHEN YOU BREAK UP,9
TRAIN,14,AVA MAX - FOREVER YOUNG,9
JASON DERULO,14,DAMIANO DAVID - BORN WITH A BROKEN HEART,9
ICH,14,RAVYN LENAE - LOVE ME NOT,9
TOM WALKER,13,VIZE - MAKE IT RIGHT,9
KUNGS,13,TOM GREGORY - MAKE IT RIGHT,9
TATE MCRAE,13,BENNY BLANCO - CALL ME WHEN YOU BREAK UP,9
SUGABABES,13,RAYE - ESCAPISM,9
ROSA LINN,13,070 SHAKE - ESCAPISM,9
JONAS BROTHERS,13,LAURELL - ALL IN,9
SHAKIRA,13,NAUGHTY BOY - LA LA LA,9
THE MAGICIAN,13,YOUNOTUS - ALL IN,9
G EAZY,12,SUPER-HI - FOLLOWING THE SUN,9
LENA,12,NEEKA - FOLLOWING THE SUN,9
ISAAK,12,CARLY RAE JEPSEN - CALL ME MAYBE,9
VIZE,12,VELLA - FREEDOM,9
RAYE,12,FAST BOY - BAD MEMORIES,8
JORIS,12,ONEREPUBLIC - FIRE,8
CARLY RAE JEPSEN,12,LEONY - CRAZY LOVE,8
ELLE KING,12,LEONY - REMEDY,8
RAY DALTON,12,FUN - WE ARE YOUNG,8
MELANIE C,12,GAYLE - ABCDEFU,8
VELLA,12,TOM GRENNAN - LITTLE BIT OF LOVE,8
DIE ÄRZTE,11,JOHANNES OERDING - KREISE,8
CYNDI LAUPER,11,"CHAPPELL ROAN - GOOD LUCK, BABE!",8
SHAGGY,11,CAPITAL CITIES - SAFE AND SOUND,8
MEDUZA,11,CAT BURNS - KNOW THAT YOU'RE NOT ALONE,8
NIK KERSHAW,11,LEONY MEDUZA - FIRE,8
FALCO,11,MARK FORSTER - ÜBERMORGEN,8
SUNRISE AVENUE,11,MEDUZA - BAD MEMORIES,8
REVOLVERHELD,10,ALPHAVILLE DAVID GUETTA - FOREVER YOUNG,8
SPICE GIRLS,10,TOBY ROMEO - CRAZY LOVE,8
CAT BURNS,10,JAMES CARTER - BAD MEMORIES,8
KELLY CLARKSON,10,ELLEY DUHE - BAD MEMORIES,8
SEAL,10,NICKY YOURE - SUNROOF,8
MEGHAN TRAINOR,10,DAZY - SUNROOF,8
TAIO CRUZ,10,ABOR - PARALLELE LINIEN,8
TIËSTO,10,TYNNA - PARALLELE LINIEN,8
DOECHII,10,RAF FAST BOY - WAVE,8
MARSHMELLO,10,KERI HILSON - I LIKE,8
AMY WINEHOUSE,10,ARTEMAS - I LIKE THE WAY YOU KISS ME,8
OLLY MURS,10,ICH - SO SOLL ES BLEIBEN,8
MADCON,10,ALLE FARBEN - FROM DISCO TO DISCO,7
STROMAE,10,MAJESTIC - FROM DISCO TO DISCO,7
ACE OF BASE,10,TOPIC - OUT MY HEAD,7
MALIK HARRIS,10,KATY PERRY - ROAR,7
YEARS,10,KATY PERRY - LAST FRIDAY NIGHT (T.G.I.F.),7
'NSYNC,10,QUEEN - UNDER PRESSURE,7
RED HOT CHILI PEPPERS,9,MICHAEL SCHULTE - BEAUTIFUL REASON,7
ELYANNA LITTLE SIMZ,9,COLDPLAY - MY UNIVERSE,7
STING,9,REA GARVEY - PERFECT IN MY EYES,7
BTS,9,BTS - MY UNIVERSE,7
GREEN DAY,9,THE KID LAROI - STAY,7
THE KID LAROI,9,JUSTIN BIEBER - STAY,7
FUN,9,AVA MAX - KINGS & QUEENS,7
DAMIANO DAVID,9,DAVID GUETTA - BABY DON'T HURT ME,7
GEORGE MICHAEL,9,ANNE-MARIE - BABY DON'T HURT ME,7
RAVYN LENAE,9,COI LERAY - BABY DON'T HURT ME,7
TOTO,9,TAYLOR SWIFT - SHAKE IT OFF,7
BLUE,9,ERASURE - SOMETIMES,7
BENNY BLANCO,9,ADELE - SET FIRE TO THE RAIN,7
070 SHAKE,9,ALVARO SOLER - TE IMAGINABA,7
NAUGHTY BOY,9,JAMES BLUNT - STAY THE NIGHT,7
REAMONN,9,JAX JONES - NEVER BE LONELY,7
SUPER-HI,9,ZOE WEES - NEVER BE LONELY,7
NEEKA,9,DUA LIPA - BE THE ONE,7
CHER,9,DAVID BOWIE - UNDER PRESSURE,7
ABOR,9,APACHE 207 - KOMET,7
TYNNA,9,TATE MCRAE - GREEDY,7
JANET JACKSON,9,GEORGE EZRA - ANYONE FOR YOU,7
GENESIS,9,ELLIE GOULDING - LIGHTS,7
KERI HILSON,9,JUSTIN WELLINGTON - IKO IKO,7
DAFT PUNK,9,SMALL JAM - IKO IKO,7
CULTURE BEAT,8,JORIS - DAS LEBEN IST...,7
LIL NAS X,8,P!NK - RUNAWAY,7
GAYLE,8,THE COMMON LINNETS - JOLENE,7
TOM GRENNAN,8,MANDO DIAO - DANCE WITH SOMEBODY,7
WINCENT WEISS,8,JOYA MARLEEN - DIFFICULT,7
NO DOUBT,8,SHAWN MENDES - WHEN YOU'RE GONE,7
WESTLIFE,8,OPM - HEAVEN IS A HALFPIPE,7
OASIS,8,THE BOSSHOSS - JOLENE,7
DAVID BOWIE,8,CASSANDRA STEEN - STADT,7
CAPITAL CITIES,8,ADEL TAWIL - STADT,7
ALL SAINTS,8,A7S - OUT MY HEAD,7
LEONY MEDUZA,8,UDO LINDENBERG - KOMET,7
ATOMIC KITTEN,8,MARTIN GARRIX - WE ARE THE PEOPLE,7
DERMOT KENNEDY,8,NO ANGELS - DAYLIGHT IN YOUR EYES,7
CALUM SCOTT,8,STROMAE - MA MEILLEURE ENNEMIE,7
ALPHAVILLE DAVID GUETTA,8,SEBASTIAN SCHUB - BLISTERS & SUNBURN,7
JAMES CARTER,8,POMME - MA MEILLEURE ENNEMIE,7
ELLEY DUHE,8,BONO - WE ARE THE PEOPLE,7
NICKY YOURE,8,THE EDGE - WE ARE THE PEOPLE,7
DAZY,8,CLOCKCLOCK - OVER,6
THE COMMON LINNETS,8,TOPIC - SOLO PARA TI,6
A-HA,8,CALVIN HARRIS - THIS IS WHAT YOU CAME FOR,6
DIE FANTASTISCHEN VIER,8,KAMRAD - I BELIEVE,6
WIR SIND HELDEN,8,MARK AMBOR - WHO KNOWS,6
CHARLIE PUTH,8,GLOCKENBACH - DIRTY DANCING,6
DR. ALBAN,8,ÁSDÍS - DIRTY DANCING,6
RAF FAST BOY,8,R.E.M - MAN ON THE MOON,6
THE KILLERS,8,IMAGINE DRAGONS - BAD LIAR,6
THE BOSSHOSS,8,IMAGINE DRAGONS - RADIOACTIVE,6
PRINCE,8,BONNIE TYLER - TOTAL ECLIPSE OF THE HEART,6
ARTEMAS,8,MYLES SMITH - STARGAZING,6
MARTIN GARRIX,8,LIL NAS X - STAR WALKIN',6
JULI,8,GRACIE ABRAMS - THAT'S SO TRUE,6
LILY ALLEN,8,AVA MAX - SALT,6
SEBASTIAN SCHUB,8,JASON MRAZ - HAVE IT ALL,6
LENNY KRAVITZ,8,MICHAEL PATRICK KELLY - BEAUTIFUL MADNESS,6
SHANIA TWAIN,8,JENNIFER LOPEZ - LET'S GET LOUD,6
DIDO,8,TINA TURNER - WHAT'S LOVE GOT TO DO WITH IT,6
ALANIS MORISSETTE,8,ADELE - SOMEONE LIKE YOU,6
MAJESTIC,7,ALVARO SOLER - SOLO PARA TI,6
CLEAN BANDIT,7,HERBERT GRÖNEMEYER - MENSCH,6
BONNIE TYLER,7,MADONNA - HUNG UP,6
JASON MRAZ,7,WINCENT WEISS - MUSIK SEIN,6
COI LERAY,7,DUFFY - MERCY,6
THE REMBRANDTS,7,DUA LIPA - DANCE THE NIGHT,6
DUFFY,7,MODJO - LADY (HEAR ME TONIGHT),6
LUIS FONSI,7,ALIZEE - MOI... LOLITA,6
MARC ATLAS,7,APACHE 207 - MORGEN,6
JUSTIN WELLINGTON,7,SIA - CHANDELIER,6
SMALL JAM,7,EMILIANA TORRINI - JUNGLE DRUM,6
CAMILA CABELLO,7,SEAL - CRAZY,6
EMPIRE OF THE SUN,7,MARK FORSTER - AU REVOIR,6
MANDO DIAO,7,LUVCAT - LOVE & MONEY,6
JOYA MARLEEN,7,MEGHAN TRAINOR - MADE YOU LOOK,6
SASHA,7,MARC ATLAS - MIDNIGHT SUN,6
DURAN DURAN,7,GOTYE - SOMEBODY THAT I USED TO KNOW,6
SANTANA,7,KIMBRA - SOMEBODY THAT I USED TO KNOW,6
OPM,7,TOBY ROMEO - WHAT IT FEELS LIKE,6
WHAM!,7,YOUNOTUS - WHAT IT FEELS LIKE,6
ALESSI ROSE,7,EMPIRE OF THE SUN - WE ARE THE PEOPLE,6
KIDDO,7,VANESSA AMOROSI - ABSOLUTELY EVERYBODY,6
CASSANDRA STEEN,7,MAX GIESINGER - 80 MILLIONEN,6
A7S,7,ANDREAS BOURANI - AUF UNS,6
UDO LINDENBERG,7,ALICIA KEYS - UNDERDOG,6
NO ANGELS,7,AXWELL INGROSSO - MORE THAN YOU KNOW,6
TOM ODELL,7,NIK KERSHAW - I WON'T LET THE SUN GO DOWN,6
FLEETWOOD MAC,7,RIHANNA - THIS IS WHAT YOU CAME FOR,6
RONAN KEATING,7,BELINDA CARLISLE - HEAVEN IS A PLACE ON EARTH,6
REGARD,7,KWABS - WALK,6
MILOW,7,LILY ALLEN - NOT FAIR,6
MARTIN SOLVEIG,7,FLEETWOOD MAC - LITTLE LIES,6
BEBE REXHA,7,DAFT PUNK - GET LUCKY,6
POMME,7,CARO EMERALD - A NIGHT LIKE THIS,6
BONO,7,PERSIA HOLDER - ECHO,6
THE EDGE,7,MARTIN SOLVEIG - HELLO,6
ALPHAVILLE,7,DRAGONETTE - HELLO,6
SHOUSE,6,ALCAZAR - CRYING AT THE DISCOTHEQUE,6
JESS GLYNNE,6,ALLE FARBEN - ALRIGHT,5
WILL SMITH,6,ALLE FARBEN - LET IT RAIN DOWN,5
NATASHA BEDINGFIELD,6,IGGI KELLY - HEARD IT ALL,5
EMELI SANDÉ,6,NELLY FURTADO - SAY IT RIGHT,5
TEXAS,6,NELLY FURTADO - MANEATER,5
MODJO,6, - MÜLLTONNEN ROLLEN,5
MILKY CHANCE,6,MAROON 5 - MEMORIES,5
ALIZEE,6,MAROON 5 - MOVES LIKE JAGGER,5
DENNIS LLOYD,6,KATY PERRY - CALIFORNIA GURLS,5
EMILIANA TORRINI,6,KATY PERRY - I KISSED A GIRL,5
GIANT ROOKS,6,QUEEN - A KIND OF MAGIC,5
TLC,6,MILEY CYRUS - MIDNIGHT SKY,5
TWENTY ONE PILOTS,6,CALVIN HARRIS - PROMISES,5
LUVCAT,6,SAM SMITH - PROMISES,5
PICTURE THIS,6,COLDPLAY - FEELSLIKEIMFALLINGINLOVE,5
GOTYE,6,ONEREPUBLIC - COUNTING STARS,5
KIMBRA,6,BRYAN ADAMS - SUMMER OF '69,5
JAMES MORRISON,6,R.E.M - IMITATION OF LIFE,5
VANCE JOY,6,IMAGINE DRAGONS - DEMONS,5
VANESSA AMOROSI,6,LEONY - SOMEWHERE IN BETWEEN,5
MOBY,6,NICO SANTOS - WOULD I LIE TO YOU,5
THE CHAINSMOKERS,6,DIE ÄRZTE - M&F,5
GUNS N´ ROSES,6,AVA MAX - MILLION DOLLAR BABY,5
AXWELL INGROSSO,6,AVA MAX - SWEET BUT PSYCHO,5
PHARRELL WILLIAMS,6,AVICII - HEY BROTHER,5
AEROSMITH,6,JENNIFER LOPEZ - ON THE FLOOR,5
SEAN PAUL,6,JENNIFER LOPEZ - WAITING FOR TONIGHT,5
OLIVIA RODRIGO,6,JENNIFER LOPEZ - AIN'T IT FUNNY,5
RICKY MARTIN,6,ALEX WARREN - ETERNITY,5
BELINDA CARLISLE,6,TAYLOR SWIFT - BLANK SPACE,5
KWABS,6,JUPITER JONES - STILL,5
OF MONSTERS AND MEN,6,BACKSTREET BOYS - QUIT PLAYING GAMES (WITH MY HEART),5
HALSEY,6,BACKSTREET BOYS - WE'VE GOT IT GOIN' ON,5
DAVINA MICHELLE,6,ADELE - HELLO,5
THE GOO GOO DOLLS,6,LOST FREQUENCIES - REALITY,5
STARSHIP,6,LENA - WHAT I WANT,5
CARO EMERALD,6,CHAPPELL ROAN - THE SUBWAY,5
MARY J. BLIGE,6,JAMES BLUNT - 1973,5
PERSIA HOLDER,6,JAX JONES - WHISTLE,5
MR. BIG,6,ZOE WEES - GIRLS LIKE US,5
DRAGONETTE,6,MICHAEL JACKSON - SMOOTH CRIMINAL,5
ELLA HENDERSON,6,AVRIL LAVIGNE - I'M WITH YOU,5
X AMBASSADORS,6,DUA LIPA - DON'T START NOW,5
ALCAZAR,6,PROVINZ - GLAUBST DU,5
KALEO,5,CYNDI LAUPER - GIRLS JUST WANT TO HAVE FUN,5
IGGI KELLY,5,WESTLIFE - MANDY,5
ALIDA,5,MR. PRESIDENT - COCO JAMBOO,5
BOB MARLEY,5,ROBBIE WILLIAMS - LOVE MY LIFE,5
NELLY,5,JUSTIN TIMBERLAKE - ROCK YOUR BODY,5
LEVKA,5,JUSTIN TIMBERLAKE - THE OTHER SIDE,5
FREYA RIDINGS,5,TAKE THAT - BACK FOR GOOD,5
JUPITER JONES,5,TAKE THAT - THE FLOOD,5
JONAS BLUE,5,GEORGE EZRA - GREEN GREEN GRASS,5
PROVINZ,5,TOTO - AFRICA,5
THE SCRIPT,5,TOM GREGORY - RIVER,5
AMY MACDONALD,5,ALL SAINTS - PURE SHORES,5
MR. PRESIDENT,5,LAURELL - HABIT,5
ZAYN,5,BANNERS - SOMEONE TO YOU,5
BANNERS,5,BILL MEDLEY - I'VE HAD THE TIME OF MY LIFE,5
BILL MEDLEY,5,JENNIFER WARNES - I'VE HAD THE TIME OF MY LIFE,5
JENNIFER WARNES,5,CALUM SCOTT - WHISTLE,5
KYLIE MINOGUE,5,JONAS BROTHERS - NO TIME TO TALK,5
KT TUNSTALL,5,TAIO CRUZ - BREAK YOUR HEART,5
KATRINA,5,VANCE JOY - RIPTIDE,5
THE WAVES,5,KATRINA - WALKING ON SUNSHINE,5
CROWDED HOUSE,5,THE WAVES - WALKING ON SUNSHINE,5
THE WEATHER GIRLS,5,DIE FANTASTISCHEN VIER - DIE DA,5
DISCO BOYS,5,THE WEATHER GIRLS - IT'S RAINING MEN,5
WHITESNAKE,5,DISCO BOYS - FOR YOU,5
DEAN LEWIS,5,WHITESNAKE - HERE I GO AGAIN,5
LIGHTHOUSE FAMILY,5,SHAWN MENDES - WHY WHY WHY,5
NEK,5,WIR SIND HELDEN - NUR EIN WORT,5
WELSHLY ARMS,5,LIGHTHOUSE FAMILY - FREE,5
COLBIE CAILLAT,5,NEK - LAURA NON C'E,5
TEN SHARP,5,TEN SHARP - YOU,5
THE PROCLAIMERS,5,DR. ALBAN - SING HALLELUJAH!,5
KATE BUSH,5,DARIO G - SUNCHYME,5
DARIO G,5,THE KILLERS - HUMAN,5
TOM JONES,5,ANDREAS BOURANI - ASTRONAUT,5
SUZANNE VEGA,5,AMY WINEHOUSE - REHAB,5
JOHN FARNHAM,5,JOHN FARNHAM - YOU'RE THE VOICE,5
WES,5,WES - ALANE,5
THE HOOTERS,5,THE HOOTERS - JOHNNY B,5
KINGS OF LEON,5,OLLY MURS - DEAR DARLIN',5
PAUL KALKBRENNER,5,PAUL KALKBRENNER - SKY AND SAND,5
SCISSOR SISTERS,5,KIDDO - ALRIGHT,5
CRO,5,SCISSOR SISTERS - I DON'T FEEL LIKE DANCIN,5
BRUCE SPRINGSTEEN,5,POLLYANNA - LET IT RAIN DOWN,5
POLLYANNA,5,ADEL TAWIL - LIEDER,5
MARIAH CAREY,5,TRAIN - DRIVE BY,5
ULTRAVOX,5,MELANIE C - FIRST DAY OF MY LIFE,5
MARK MORRISON,5,BASTILLE - POMPEII,5
CAMOUFLAGE,5,OF MONSTERS AND MEN - LITTLE TALKS,5
THE STRUMBELLAS,5,TOM ODELL - ANOTHER LOVE,5
WALK THE MOON,5,CHRISTINA AGUILERA - MOVES LIKE JAGGER,5
THE CRANBERRIES,5,MARK MORRISON - RETURN OF THE MACK,5
JANIECK DEVY,5,MALIK HARRIS - ROCKSTARS,5
THE CALLING,5,THE STRUMBELLAS - SPIRITS,5
SOPHIE ELLIS-BEXTOR,5,WALK THE MOON - SHUT UP AND DANCE,5
TEARS FOR FEARS,5,JANIECK DEVY - REALITY,5
ADMT,5,THE CALLING - WHEREVER YOU WILL GO,5
ADAM LAMBERT,5,SOPHIE ELLIS-BEXTOR - MURDER ON THE DANCEFLOOR,5
BILLY JOEL,5,REGARD - RIDE IT,5
SIMPLY RED,5,ADAM LAMBERT - WHATAYA WANT FROM ME,5
METALLICA,5,BILLY JOEL - WE DIDN'T START THE FIRE,5
ROB THOMAS,5,SZA - THE OTHER SIDE,5
SZA,5,SMASH MOUTH - ALL STAR,5
NICO,5,SIDO - ASTRONAUT,5
VINZ,5,DNCE - CAKE BY THE OCEAN,5
SMASH MOUTH,5,KALEO - WAY DOWN WE GO,4
SIDO,5,FAST BOY - MILLION GOOD REASONS,4
DNCE,5,CLOCKCLOCK - SOMEONE ELSE,4
TIMBALAND,5,SHOUSE - LOVE TONIGHT,4
LORDE,5,NELLY FURTADO - BROKEN STRINGS,4
MURRAY HEAD,4,NELLY FURTADO - POWERLESS (SAY WHAT YOU WANT),4
MICHAEL SEMBELLO,4, - EG25  SFX  ANTWORT FALSCH MÖP!,4
VANESSA CARLTON,4,MAROON 5 - THIS LOVE,4
LIMP BIZKIT,4,MAROON 5 - SHE WILL BE LOVED,4
DECLAN J DONOVAN,4,KATY PERRY - PART OF ME,4
ALEC BENJAMIN,4,R3HAB - REBELLION,4
EVANESCENCE,4,SAM SMITH - DIAMONDS,4
ALICE COOPER,4,MURRAY HEAD - ONE NIGHT IN BANGKOK,4
GALA,4,MICHAEL SEMBELLO - MANIAC,4
SKUTH,4,ROBIN SCHULZ - YOUNG RIGHT NOW,4
AC,4,ROBIN SCHULZ - MILLION GOOD REASONS,4
DC,4,VANESSA CARLTON - A THOUSAND MILES,4
SKAAR,4,COLDPLAY - PARADISE,4
LAS KETCHUP,4,COLDPLAY - HIGHER POWER,4
OWL CITY,4,ONEREPUBLIC - ALL THE RIGHT MOVES,4
DADDY YANKEE,4,ONEREPUBLIC - APOLOGIZE,4
BAKERMAT,4,BRYAN ADAMS - WHEN YOU'RE GONE,4
BILLY IDOL,4,GLOCKENBACH - BETTER DAYS,4
JOJO,4,GLOCKENBACH - LIFELINE,4
THE RASMUS,4,IMAGINE DRAGONS - THUNDER,4
EYELAR,4,IMAGINE DRAGONS - ON TOP OF THE WORLD,4
NATE RUESS,4,CULTURE BEAT - INSIDE OUT,4
GOSSIP,4,WILL SMITH - MEN IN BLACK,4
BOYZONE,4,REA GARVEY - WILD LOVE,4
FINE YOUNG CANNIBALS,4,REA GARVEY - LET'S BE LOVERS TONIGHT,4
NEA,4,DECLAN J DONOVAN - BETTER DAYS,4
SPILLER,4,NATASHA BEDINGFIELD - UNWRITTEN,4
WYCLEF JEAN,4,TWOCOLORS - HEAVY METAL LOVE,4
MASTER KG,4,PURPLE DISCO MACHINE - IN THE DARK,4
NOMCEBO ZIKODE,4,PURPLE DISCO MACHINE - DOPAMINE,4
JOURNEY,4,SOPHIE AND THE GIANTS - IN THE DARK,4
CHAKA KHAN,4,PET SHOP BOYS - IT'S A SIN,4
RUFUS,4,AVA MAX - SO AM I,4
SNOW PATROL,4,FREYA RIDINGS - CASTLES,4
VAN HALEN,4,DAVID GUETTA - WOULD I LIE TO YOU,4
MAXI PRIEST,4,AVICII - ADDICTED TO YOU,4
EIFFEL 65,4,MICHAEL PATRICK KELLY - REBELLION,4
LA BOUCHE,4,JENNIFER LOPEZ - AIN'T YOUR MAMA,4
DAVID PUENTEZ,4,PINK - JUST LIKE A PILL,4
SILBERMOND,4,PINK - JUST GIVE ME A REASON,4
KELLY ROWLAND,4,PINK - COVER ME IN SUNSHINE,4
BROOKE FRASER,4,PINK - WALK ME HOME,4
NATHAN EVANS,4,PINK - TRY,4
MADNESS,4,ERASURE - ALWAYS,4
MOUSSE T,4,ALEC BENJAMIN - LET ME DOWN SLOWLY,4
PANIC! AT THE DISCO,4,BACKSTREET BOYS - LARGER THAN LIFE,4
JANIECK,4,ALICE COOPER - POISON,4
SENEX,4,THE REMBRANDTS - I'LL BE THERE FOR YOU,4
THE CORRS,4,GALA - FREED FROM DESIRE,4
DEAD OR ALIVE,4,SKAAR - MISSING OUT,4
FREDDIE MERCURY,4,LAS KETCHUP - ASEREJÉ,4
JOHN LEGEND,4,HERBERT GRÖNEMEYER - MÄNNER,4
MABEL,4,OWL CITY - FIREFLIES,4
CAPTAIN HOLLYWOOD PROJECT,4,BLACK EYED PEAS - MEET ME HALFWAY,4
THIRTY SECONDS TO MARS,4,MADONNA - AMERICAN PIE,4
JENNIFER PAIGE,4,JOHANNES OERDING - WIMPERNSCHLAG,4
CEDRIC GERVAIS,4,LOST FREQUENCIES - BACK TO YOU,4
CHRIS WILLIS,4,JAMES BLUNT - YOU'RE BEAUTIFUL,4
MATT SIMONS,4,JAMES BLUNT - TEARS DRY TONIGHT,4
ATB,4,LUIS FONSI - DESPACITO,4
TOVE LO,4,DADDY YANKEE - DESPACITO,4
ENRIQUE IGLESIAS,4,MICHAEL JACKSON - MAN IN THE MIRROR,4
TALK TALK,4,MICHAEL JACKSON - THRILLER,4
ATC,4,KYGO - HIGHER LOVE,4
METRO BOOMIN,4,AVRIL LAVIGNE - SK8TER BOI,4
21 SAVAGE,4,ELTON JOHN - SORRY SEEMS TO BE THE HARDEST WORD,4
HUMAN LEAGUE,4,ELTON JOHN - I'M STILL STANDING,4
ASAF AVIDAN,4,DUA LIPA - LOVE AGAIN,4
FRANKIE GOES TO HOLLYWOOD,4,BAKERMAT - ONE DAY (VANDAAG),4
EROS RAMAZZOTTI,4,NO DOUBT - DON'T SPEAK,4
MARK RONSON,4,THE WEEKND - BLINDING LIGHTS,4
USHER,4,THE WEEKND - CREEPIN',4
MR. MISTER,4,OASIS - WONDERWALL,4
DEMI LOVATO,4,DEPECHE MODE - ENJOY THE SILENCE,4
TRACY CHAPMAN,4,REVOLVERHELD - LASS UNS GEHEN,4
SURF MESA,4,JOJO - LEAVE (GET OUT),4
KLINGANDE,4,DENNIS LLOYD - YOUNG RIGHT NOW,4
LOONA,4,JUSTIN TIMBERLAKE - CAN'T STOP THE FEELING!,4
GIGI D'AGOSTINO,4,SPICE GIRLS - WANNABE,4
JESSIE J,4,LEWIS CAPALDI - SOMEONE YOU LOVED,4
JOHN NEWMAN,4,THE RASMUS - IN THE SHADOWS,4
LEANN RIMES,4,GEORGE EZRA - BLAME IT ON ME,4
SIMPLE MINDS,4,ELLIE GOULDING - LOVE ME LIKE YOU DO,4
MEAT LOAF,4,EYELAR - DOPAMINE,4
ALESSIA CARA,4,TOTO - ROSANNA,4
ELLEY DUHÉ,4,SHAGGY - REBELLION,4
RUFUS AND CHAKA KHAN,4,SHAGGY - ANGEL,4
MARLON ROUDETTE,4,HARRY STYLES - WATERMELON SUGAR,4
ALANNAH MYLES,3,SUGABABES - ROUND ROUND,4
LOREEN,3,BLUE - SORRY SEEMS TO BE THE HARDEST WORD,4
LEONA LEWIS,3,NATE RUESS - JUST GIVE ME A REASON,4
HOOBASTANK,3,GIANT ROOKS - WATERSHED,4
IMANY,3,ATOMIC KITTEN - WHOLE AGAIN,4
ROD STEWART,3,ATOMIC KITTEN - ETERNAL FLAME,4
THE WAILERS,3,FINE YOUNG CANNIBALS - SHE DRIVES ME CRAZY,4
THE UNDERDOG PROJECT,3,BEYONCÉ - TEXAS HOLD 'EM,4
ECHOSMITH,3,BEYONCÉ - IRREPLACEABLE,4
RUDIMENTAL,3,BEYONCÉ - IF I WERE A BOY,4
MR. PROBZ,3,NEA - SOME SAY,4
JAMELIA,3,CYRIL - TEARS DRY TONIGHT,4
JANELLE MONÁE,3,U2 - ONE,4
BAC,3,U2 - BEAUTIFUL DAY,4
LUNIZ,3,SPILLER - GROOVE JET (IF THIS AIN'T LOVE),4
THUNDER JACKSON,3,JONAS BROTHERS - SLOW MOTION,4
BLONDIE,3,NICKELBACK - WHAT ARE YOU WAITING FOR,4
BRANDY,3,NICKELBACK - IF TODAY WAS YOUR LAST DAY,4
MONICA,3,SHAKIRA - HIPS DON'T LIE,4
MARYMARY,3,WYCLEF JEAN - HIPS DON'T LIE,4
SONIQUE,3,MASTER KG - JERUSALEMA,4
PITBULL,3,NOMCEBO ZIKODE - JERUSALEMA,4
MÅNESKIN,3,CHAKA KHAN - AIN'T NOBODY,4
DANIEL POWTER,3,RUFUS - AIN'T NOBODY,4
JP COOPER,3,TIËSTO - LAY LOW,4
JERMAINE JACKSON,3,JAMES MORRISON - BROKEN STRINGS,4
PIA ZADORA,3,YOUNOTUS - NARCOTIC,4
FERGIE,3,P!NK - ALL I KNOW SO FAR,4
EUROPE,3,REAMONN - STAR,4
AURA DIONE,3,CROWDED HOUSE - WEATHER WITH YOU,4
LIONEL RICHIE,3,MAXI PRIEST - CLOSE TO YOU,4
THE DANDY WARHOLS,3,WHITNEY HOUSTON - ONE MOMENT IN TIME,4
PEARL JAM,3,WHITNEY HOUSTON - HIGHER LOVE,4
INDIGO GIRLS,3,EIFFEL 65 - BLUE (DA BA DEE),4
LILLY WOOD,3,LA BOUCHE - BE MY LOVER,4
THE PRICK,3,ANASTACIA - LEFT OUTSIDE ALONE,4
LAVINIA,3,ANASTACIA - ONE DAY IN YOUR LIFE,4
SOFT CELL,3,ANASTACIA - SICK AND TIRED,4
AALIYAH,3,DAVID PUENTEZ - BURN,4
THE CURE,3,SASHA - IF YOU BELIEVE,4
GLASS ANIMALS,3,DURAN DURAN - ORDINARY WORLD,4
PAULA ABDUL,3,SHAWN MENDES - TREAT YOU BETTER,4
THE BANGLES,3,MARSHMELLO - SLOW MOTION,4
JAYMES YOUNG,3,MAX GIESINGER - WIMPERNSCHLAG,4
BLINK-182,3,CHARLIE PUTH - ONE CALL AWAY,4
ERIC PRYDZ,3,WELSHLY ARMS - SANCTUARY,4
DJ SNAKE,3,COLBIE CAILLAT - BUBBLY,4
TOM PETTY,3,THE PROCLAIMERS - (I'M GONNA BE) 500 MILES,4
HUEY LEWIS,3,BROOKE FRASER - SOMETHING IN THE WATER,4
THE NEWS,3,NATHAN EVANS - WELLERMAN,4
CHUMBAWAMBA,3,KATE BUSH - RUNNING UP THAT HILL,4
MEREDITH BROOKS,3,MADNESS - OUR HOUSE,4
TASMIN ARCHER,3,TOM JONES - SEXBOMB,4
SPLIFF,3,MOUSSE T - SEXBOMB,4
BELLINI,3,AMY WINEHOUSE - BACK TO BLACK,4
MAXIMO PARK,3,JANET JACKSON - TOGETHER AGAIN,4
"ISRAEL ""IZ"" KAMAKAWIWO'OLE",3,WHAM! - WAKE ME UP BEFORE YOU GO GO,4
CRAIG DAVID,3,SUZANNE VEGA - LUKA,4
UNCLE KRACKER,3,PANIC! AT THE DISCO - HIGH HOPES,4
BOSSE,3,JANIECK - NARCOTIC,4
DELTA GOODREM,3,SENEX - NARCOTIC,4
LENE MARLIN,3,THE CORRS - BREATHLESS,4
JOE COCKER,3,DEAD OR ALIVE - YOU SPIN ME ROUND (LIKE A RECORD),4
JC STEWART,3,OLLY MURS - HEART SKIPS A BEAT,4
NATALIE IMBRUGLIA,3,PHARRELL WILLIAMS - HAPPY,4
OLIVIA DEAN,3,ROXETTE - FADING LIKE A FLOWER,4
DIE TOTEN HOSEN,3,ROXETTE - JOYRIDE,4
EURYTHMICS,3,ROXETTE - MILK AND TOAST AND HONEY,4
BIRDY,3,ALESSI ROSE - BITTERSWEET,4
JAMIROQUAI,3,CAPTAIN HOLLYWOOD PROJECT - MORE AND MORE,4
JUSTIN JESSO,3,"TRAIN - HEY, SOUL SISTER",4
SPANDAU BALLET,3,TRAIN - DROPS OF JUPITER (TELL ME),4
EAGLE-EYE CHERRY,3,RAY DALTON - DON'T WORRY,4
DONNA LEWIS,3,RAY DALTON - ALL WE GOT,4
LAURA BRANIGAN,3,MELANIE C - WHEN YOU'RE GONE,4
ZION DESCEMER BUENO,3,MADCON - DON'T WORRY,4
LENNOX,3,MADCON - BEGGIN,4
SOUL ASYLUM,3,THIRTY SECONDS TO MARS - SEASONS,4
VISAGE,3,RIHANNA - ONLY GIRL (IN THE WORLD),4
TEXAS LIGHTNING,3,ULTRAVOX - DANCING WITH TEARS IN MY EYES,4
ERIC CARMEN,3,DAVINA MICHELLE - NO ONE SAID IT WAS EASY,4
PLAIN WHITE T'S,3,CHRISTINA AGUILERA - GENIE IN A BOTTLE,4
EMINEM,3,JENNIFER PAIGE - CRUSH,4
GORILLAZ,3,CEDRIC GERVAIS - WOULD I LIE TO YOU,4
NORAH JONES,3,CHRIS WILLIS - WOULD I LIE TO YOU,4
WHEATUS,3,STARSHIP - WE BUILT THIS CITY,4
SNAP,3,ATB - 9 PM (TILL I COME),4
NICK KAMEN,3,TOVE LO - HABITS,4
CUTTING CREW,3,RONAN KEATING - LIFE IS A ROLLERCOASTER,4
WAMDUE PROJECT,3,ACE OF BASE - ALL THAT SHE WANTS,4
ALAN WALKER,3,ICH - PFLASTER,4
FURY IN THE SLAUGHTERHOUSE,3,SHANIA TWAIN - THAT DON'T IMPRESS ME MUCH,4
KRAFTKLUB,3,SHANIA TWAIN - KA-CHING!,4
THE ALL-AMERICAN REJECTS,3,MARY J. BLIGE - FAMILY AFFAIR,4
AXWELL ^ INGROSSO,3,DIDO - WHITE FLAG,4
TREVOR GUTHRIE,3,PHIL COLLINS - AGAINST ALL ODDS,4
EDWYN COLLINS,3,ATC - AROUND THE WORLD (LA LA LA LA),4
PASSENGER,3,TEARS FOR FEARS - SHOUT,4
ABC,3,METRO BOOMIN - CREEPIN',4
DESTINY'S CHILD,3,21 SAVAGE - CREEPIN',4
NE-YO,3,HUMAN LEAGUE - DON'T YOU WANT ME,4
EMILIA,3,FRANKIE GOES TO HOLLYWOOD - RELAX,4
WANDA,3,FALCO - ROCK ME AMADEUS,4
LAUV,3,SUNRISE AVENUE - LIFESAVER,4
EMILEE,3,ELLA HENDERSON - LIFELINE,4
BLEU SOLEIL,3,KLINGANDE - JUBEL,4
LUIZA,3,LOONA - BAILANDO,4
SPORTFREUNDE STILLER,3,ALPHAVILLE - BIG IN JAPAN,4
OPUS,3,'NSYNC - TEARING UP MY HEART,4
MANESKIN,3,JESSIE J - PRICE TAG,4
GABRIELLA CILMI,3,NICO - AM I WRONG,4
RAY PARKER JR,3,VINZ - AM I WRONG,4
KHALID,3,LEANN RIMES - CAN'T FIGHT THE MOONLIGHT,4
FAITHLESS,3,ELLEY DUHÉ - BACK TO YOU,4
THE CONNELLS,3,X AMBASSADORS - BACK TO YOU,4
JOEL CORRY,3,RUFUS AND CHAKA KHAN - AIN'T NOBODY,4
PAT BENATAR,3,TIMBALAND - APOLOGIZE,4
BRONSKI BEAT,3,ALANNAH MYLES - BLACK VELVET,3
FOREIGNER,3,FAST BOY - NOTHING LASTS FOREVER,3
GNARLS BARKLEY,3,CLOCKCLOCK - BROOKLYN,3
NUKA,3,FELIX JAEHN - ONE MORE TIME,3
JOHN MAYER,3,NELLY FURTADO - I'M LIKE A BIRD,3
NEW RADICALS,3,LOREEN - EUPHORIA,3
SCATMAN JOHN,3, - HOOK - NINA CHUBA - WILDBERRY LILLET,3
BRUCE HORNSBY,3,KATY PERRY - TEENAGE DREAM,3
ALMA,3,KATY PERRY - FIREWORK,3
JOSHUA KADISON,3,KATY PERRY - HOT 'N' COLD,3
GRAHAM CANDY,3,QUEEN - YOU DON'T FOOL ME,3
TOPLOADER,3,QUEEN - ANOTHER ONE BITES THE DUST,3
RICHARD MARX,3,QUEEN - I WANT TO BREAK FREE,3
HADDAWAY,3,MILEY CYRUS - NOTHING BREAKS LIKE A HEART,3
DRAKE,3,RED HOT CHILI PEPPERS - SNOW (HEY OH),3
LUTRICIA MCNEAL,3,RED HOT CHILI PEPPERS - UNDER THE BRIDGE,3
GUNS N' ROSES,3,CALVIN HARRIS - MY WAY,3
FOO FIGHTERS,3,CALVIN HARRIS - WE FOUND LOVE,3
SURVIVOR,3,HOOBASTANK - THE REASON,3
FICTION FACTORY,3,ROBIN SCHULZ - PRAYER IN C,3
SWEDISH HOUSE MAFIA,3,ROBIN SCHULZ - ALANE,3
MELANIE FIONA,3,ROBIN SCHULZ - ONE MORE TIME,3
JAY-Z,3,ALIDA - ONE MORE TIME,3
BRADLEY COOPER,3,COLDPLAY - CLOCKS,3
CLEAN BANDIT AND MABEL,2,KAMRAD - SO GOOD,3
24KGOLDN,2,KAMRAD - I HOPE YOU END UP ALONE (WITH ME),3
DON HENLEY,2,IMANY - DON'T BE SO SHY,3
MACKLEMORE JESS GLYNNE,2,JESS GLYNNE - HOLD MY HAND,3
DAN CAPLEN,2,ONEREPUBLIC - IF I LOSE MYSELF,3
THE VERVE,2,ONEREPUBLIC - STOP AND STARE,3
LANA DEL REY,2,ONEREPUBLIC - CHASING PARADISE,3
LABRINTH,2,BRYAN ADAMS - ALL FOR LOVE,3
DEVA MAHAL,2,BRYAN ADAMS - (EVERYTHING I DO) I DO IT FOR YOU,3
PUSSYCAT DOLLS,2,ROD STEWART - ALL FOR LOVE,3
DAKOTA,2,STING - ALL FOR LOVE,3
HUNTR,2,STING - FIELDS OF GOLD,3
EJAE,2,GLOCKENBACH - BROOKLYN,3
AUDREY NUNA,2,GLOCKENBACH - ANTHEM,3
REI AMI,2,R.E.M - LOSING MY RELIGION,3
BLOODHOUND GANG,2,ED SHEERAN - BAD HABITS,3
MANU CHAO,2,ED SHEERAN - A LITTLE MORE,3
THE AVENER,2,IMAGINE DRAGONS - STARS WILL ALIGN,3
TAL BACHMAN,2,CULTURE BEAT - MR. VAIN,3
JAM,2,LIMP BIZKIT - BEHIND BLUE EYES,3
SPOON,2,LADY GAGA - THE EDGE OF GLORY,3
KE$HA,2,LADY GAGA - HOLD MY HAND,3
MARTERIA,2,LADY GAGA - SHALLOW,3
KATZENJAMMER,2,NICO SANTOS - ROOFTOP,3
ÁLVARO SOLER,2,BOB MARLEY - COULD YOU BE LOVED,3
JULIAN PERRETTA,2,THE UNDERDOG PROJECT - SUMMER JAM,3
JACK,2,REA GARVEY - IS IT LOVE,3
THE FRAY,2,LEVKA - LANGSAM WARM,3
KID ROCK,2,SAFRI DUO - PLAYED-A-LIVE (PLAYED ALIVE),3
CONRAD,2,ECHOSMITH - COOL KIDS,3
SHEPPARD,2,GREEN DAY - WAKE ME UP WHEN SEPTEMBER ENDS,3
MGK,2,GREEN DAY - BASKET CASE,3
YOUNG THUG,2,DIE ÄRZTE - JUNGE,3
SNOOP DOGG,2,PET SHOP BOYS - GO WEST,3
JAN HAMMER,2,PET SHOP BOYS - SE A VIDA E (THAT'S THE WAY LIFE IS),3
QUARTERHEAD,2,PET SHOP BOYS - WEST END GIRLS,3
SARAH CONNOR,2,PET SHOP BOYS - SUBURBIA,3
J.I.D,2,PET SHOP BOYS - ALWAYS ON MY MIND,3
SORAYA,2,JUSTIN BIEBER - LET ME LOVE YOU,3
IZZY BIZU,2,JUSTIN BIEBER - LOVE YOURSELF,3
ALOE BLACC,2,DAVID GUETTA - I'M GOOD (BLUE),3
NIGHTCRAWLERS,2,AVICII - WAKE ME UP,3
SOUL II SOUL,2,AVICII - LEVELS,3
BOB SINCLAR,2,AVICII - WAITING FOR LOVE,3
COREY HART,2,MICHAEL PATRICK KELLY - ROUNDABOUTS,3
MEN AT WORK,2,MICHAEL PATRICK KELLY - WONDERS,3
VILLE VALO,2,PINK - BLOW ME (ONE LAST KISS),3
NATALIA AVELON,2,PINK - DEAR MR. PRESIDENT,3
MC HAMMER,2,PINK - SO WHAT,3
MIDGE URE,2,PINK - RAISE YOUR GLASS,3
PINK FLOYD,2,TINA TURNER - WE DON'T NEED ANOTHER HERO,3
VENGABOYS,2,TINA TURNER - TYPICAL MALE,3
2PAC,2,TINA TURNER - COSE DELLA VITA,3
HÉROES DEL SILENCIO,2,ERASURE - OH L'AMOUR,3
TINA TURNER KYGO,2,BACKSTREET BOYS - GET DOWN,3
4 THE CAUSE,2,BACKSTREET BOYS - I WANT IT THAT WAY,3
YAZOO,2,EVANESCENCE - MY IMMORTAL,3
NOAH KAHAN,2,POST MALONE - CIRCLES,3
OMC (OTARA MILLIONAIRES CLUB),2,MR. PROBZ - WAVES (ROBIN SCHULZ MIX),3
"LISA ""LEFT EYE"" LOPES",2,JAMELIA - SUPERSTAR,3
ALEX WARREN WITH JELLY ROLL,2,ADELE - OH MY GOD,3
TRAVIS,2,BRUNO MARS - GRENADE,3
MICHELLE BRANCH,2,BRUNO MARS - MARRY YOU,3
UGLY KID JOE,2,BRUNO MARS - TREASURE,3
LIL'KIM,2,BRUNO MARS - THE LAZY SONG,3
MYA,2,"THE REMBRANDTS - JUST THE WAY IT IS, BABY",3
NEW ORDER,2,EMELI SANDÉ - READ ALL ABOUT IT,3
ONE DIRECTION,2,JANELLE MONÁE - WE ARE YOUNG,3
S CLUB 7,2,SKUTH - ZU DEN ANDEREN,3
ROBIN BECK,2,BAC - ZU DEN ANDEREN,3
KENNY LOGGINS,2,AC - THUNDERSTRUCK,3
KIM WILDE,2,DC - THUNDERSTRUCK,3
REEL 2 REAL,2,ALVARO SOLER - LA CINTURA,3
EXTREME,2,ALVARO SOLER - MANILA,3
FAMILY OF THE YEAR,2,ALVARO SOLER - MAGIA,3
MARC COHN,2,ALVARO SOLER - REGALO,3
MICHAEL ANDREWS,2,ALVARO SOLER - LA LIBERTAD,3
GARY JULES,2,NORMA JEAN MARTINE - ANTHEM,3
COOKIN' ON 3 BURNERS,2,HERBERT GRÖNEMEYER - BOCHUM,3
WIZ KHALIFA,2,HERBERT GRÖNEMEYER - WAS SOLL DAS,3
CHARLES,2,LUNIZ - I GOT 5 ON IT,3
EDDIE,2,BLACK EYED PEAS - SHUT UP,3
TITIYO,2,BLACK EYED PEAS - WHERE IS THE LOVE,3
HANSON,2,MADONNA - LIKE A PRAYER,3
WET WET WET,2,MADONNA - FROZEN,3
MELISSA ETHERIDGE,2,MADONNA - LA ISLA BONITA,3
SAM MARTIN,2,LOST FREQUENCIES - ARE YOU WITH ME,3
KELVIN JONES,2,LINKIN PARK - BURN IT DOWN,3
LYKKE LI,2,LINKIN PARK - BREAKING THE HABIT,3
THE FARM,2,LENA - LOOKING FOR LOVE,3
MARVIN GAYE,2,LUIS FONSI - ÉCHAME LA CULPA,3
ALL-4-ONE,2,MICHAEL JACKSON - THEY DON'T CARE ABOUT US,3
SIGALA,2,MICHAEL JACKSON - BILLIE JEAN,3
MUMFORD,2,KYGO - STARS WILL ALIGN,3
SONS,2,KYGO - CHASING PARADISE,3
CORONA,2,AVRIL LAVIGNE - NOBODY'S HOME,3
MIAMI SOUND MACHINE,2,ELTON JOHN - DON'T LET THE SUN GO DOWN ON ME,3
SINEAD O'CONNOR,2,DUA LIPA - PHYSICAL,3
STARSAILOR,2,TEXAS - SUMMER SON,3
WU-TANG CLAN,2,THE SCRIPT - HALL OF FAME,3
THE ROLLING STONES,2,WESTLIFE - UPTOWN GIRL,3
PETER FOX,2,THUNDER JACKSON - SPOONFED DESIRE,3
MIKE,2,AMY MACDONALD - THIS IS THE LIFE,3
THE MECHANICS,2,GEORGE MICHAEL - FAITH,3
FOOL'S GARDEN,2,GEORGE MICHAEL - DON'T LET THE SUN GO DOWN ON ME,3
PETER GABRIEL,2,MILKY CHANCE - STOLEN DANCE,3
GOOD CHARLOTTE,2,DEPECHE MODE - JUST CAN'T GET ENOUGH,3
PAOLO NUTINI,2,DEPECHE MODE - EVERYTHING COUNTS,3
FRANCE GALL,2,ROBBIE WILLIAMS - ROCK DJ,3
MNEK,2,ROBBIE WILLIAMS - BODIES,3
WHIGFIELD,2,ROBBIE WILLIAMS - TRIPPING,3
SHOLA AMA,2,ROBBIE WILLIAMS - COME UNDONE,3
LEA,2,BLONDIE - MARIA,3
THE SCORPIONS,2,JUSTIN TIMBERLAKE - WHERE IS THE LOVE,3
TOKIO HOTEL,2,SPICE GIRLS - VIVA FOREVER,3
LAID BACK,2,BRANDY - THE BOY IS MINE,3
CULTURE CLUB,2,MONICA - THE BOY IS MINE,3
THE LAST GOODNIGHT,2,LEWIS CAPALDI - FORGET ME,3
JASMINE THOMPSON,2,LEWIS CAPALDI - BEFORE YOU GO,3
MARILLION,2,TAKE THAT - NEVER FORGET,3
PHILIP BAILEY,2,TATE MCRAE - SHE'S ALL I WANNA BE,3
INCUBUS,2,SIA - CHEAP THRILLS,3
AMERICAN AUTHORS,2,SIA - DUSK TILL DAWN,3
GWEN STEFANI,2,MARYMARY - SHACKLES (PRAISE YOU),3
DOJA CAT,2,ZARA LARSSON - CAN'T TAME HER,3
CHRISTINA MILIAN,2,MÅNESKIN - BEGGIN',3
DANIEL CAESAR,2,BRITNEY SPEARS - BABY ONE MORE TIME,3
GIVEON,2,BRITNEY SPEARS - TOXIC,3
ZEDD,2,HARRY STYLES - LATE NIGHT TALKING,3
MISSY ELLIOTT,2,HARRY STYLES - SIGN OF THE TIMES,3
JAMES BAY,2,TOM GREGORY - RATHER BE YOU,3
ROBERT FRANCIS,2,KELLY CLARKSON - STRONGER (WHAT DOESN'T KILL YOU),3
STEVE WINWOOD,2,KELLY CLARKSON - BREAKAWAY,3
JACK JOHNSON,2,SUGABABES - OVERLOAD,3
JULIA MICHAELS,2,SUGABABES - PUSH THE BUTTON,3
KATIE MELUA,2,BLUE - U MAKE ME WANNA,3
MC SAR,2,DANIEL POWTER - BAD DAY,3
THE REAL MCCOY,2,TLC - WATERFALLS,3
THE KOOKS,2,TLC - NO SCRUBS,3
MARQUE,2,ZAYN - DUSK TILL DAWN,3
GUNS'N'ROSES,2,TWENTY ONE PILOTS - STRESSED OUT,3
YOUSSOU N'DOUR,2,MEDUZA - PARADISE,3
NENEH CHERRY,2,DERMOT KENNEDY - PARADISE,3
PIERRE DE MAERE,2,DERMOT KENNEDY - GIANTS,3
LONDONBEAT,2,BOYZONE - PICTURE OF YOU,3
4 NON BLONDES,2,BEYONCÉ - CRAZY IN LOVE,3
MICHAEL BUBLÉ,2,JERMAINE JACKSON - WHEN THE RAIN BEGINS TO FALL,3
REAL LIFE,2,PIA ZADORA - WHEN THE RAIN BEGINS TO FALL,3
SAM SPARRO,2,U2 - I STILL HAVEN'T FOUND WHAT I'M LOOKING FOR,3
THE COMMUNARDS,2,U2 - WITH OR WITHOUT YOU,3
OZZY OSBOURNE,2,FERGIE - BIG GIRLS DON'T CRY,3
PASCAL LETOUBLON,2,CALUM SCOTT - RISE,3
AIR,2,EUROPE - THE FINAL COUNTDOWN,3
INDEEP,2,NICKELBACK - PHOTOGRAPH,3
FRESHLYGROUND,2,"SHAKIRA - WHENEVER, WHEREVER",3
LIQUIDO,2,TAIO CRUZ - DYNAMITE,3
THE B-52'S,2,KYLIE MINOGUE - CAN'T GET YOU OUT OF MY HEAD,3
MIKA,2,JORIS - HERZ ÜBER KOPF,3
NO MERCY,2,JOURNEY - DON'T STOP BELIEVIN',3
CUT'N'MOVE,2,THE DANDY WARHOLS - BOHEMIAN LIKE YOU,3
BAG RAIDERS,2,KT TUNSTALL - SUDDENLY I SEE,3
LAHOS,2,YOUNOTUS - CANYONS,3
MATTAFIX,2,INDIGO GIRLS - DEAR MR. PRESIDENT,3
DIANA ROSS,2,CHER - BELIEVE,3
CIAN DUCROT,2,CHER - THE SHOOP SHOOP SONG,3
THE FUGEES,2,LILLY WOOD - PRAYER IN C,3
TIFFANY ARIS,2,THE PRICK - PRAYER IN C,3
DUCK SAUCE,2,A-HA - TAKE ON ME,3
BLINK 182,1,VAN HALEN - JUMP,3
PORTUGAL THE MAN,1,CARLY RAE JEPSEN - I REALLY LIKE YOU,3
AMANDA MARSHALL,1,LAVINIA - CANYONS,3
STEFAN RAAB,1,SOFT CELL - TAINTED LOVE,3
NIGHTMARES ON WAX,1,ANASTACIA - PAID MY DUES,3
SOFIYA NZAU,1,CLUESO - FLUGMODUS,3
EAST 17,1,CLUESO - DEJA VU,3
GLORIA ESTEFAN,1,AALIYAH - MORE THAN A WOMAN,3
LOUD LUXURY,1,THE CURE - FRIDAY I'M IN LOVE,3
BRANDO,1,SANTANA - MARIA MARIA,3
KPOP DEMON HUNTERS CAST X,1,DEAN LEWIS - HOW DO I SAY GOODBYE,3
ALFA,1,WIR SIND HELDEN - DENKMAL,3
THE STRANGLERS,1,GLASS ANIMALS - HEAT WAVES,3
UNHEILIG,1,PAULA ABDUL - STRAIGHT UP,3
MARTIN JENSEN,1,THE BANGLES - MANIC MONDAY,3
BEAGLE MUSIC LTD,1,JAYMES YOUNG - INFINITY,3
TRAVIE MCCOY,1,BLINK-182 - I MISS YOU,3
MAJAN,1,DJ SNAKE - LET ME LOVE YOU,3
ANAÏS,1,GUNS N´ ROSES - NOVEMBER RAIN,3
ENDZONE,1,JANET JACKSON - WHOOPS NOW,3
UB 40,1,HUEY LEWIS - THE POWER OF LOVE,3
BANANARAMA,1,THE NEWS - THE POWER OF LOVE,3
PRINCE ITAL JOE,1,KINGS OF LEON - USE SOMEBODY,3
MARKY MARK,1,GENESIS - INVISIBLE TOUCH,3
MOUGLETA,1,CHUMBAWAMBA - TUBTHUMPING,3
LONDON GRAMMAR,1,MEREDITH BROOKS - BITCH,3
RENEÉ RAPP,1,ROXETTE - IT MUST HAVE BEEN LOVE,3
NIRVANA,1,AEROSMITH - CRYIN',3
ICEHOUSE,1,JOHN LEGEND - ALL OF ME,3
CONCHITA WURST,1,ALESSI ROSE - SAME MOUTH,3
COMMODORES,1,BELLINI - SAMBA DE JANEIRO,3
ZAK ABEL,1,MAXIMO PARK - BOOKS FROM BOXES,3
NIALL HORAN,1,CRO - EASY,3
BEES,1,PRINCE - KISS,3
THE TING TINGS,1,NIK KERSHAW - WOULDN'T IT BE GOOD,3
UNDERCOVER,1,RAY DALTON - MANILA,3
DUKE DUMONT,1,MELANIE C - NEVER BE THE SAME AGAIN,3
TANITA TIKARAM,1,UNCLE KRACKER - FOLLOW ME,3
FRANCES,1,OLIVIA RODRIGO - DRIVER’S LICENSE,3
THE PRODUCT G,1,DELTA GOODREM - LOST WITHOUT YOU,3
B,1,LENE MARLIN - SITTING DOWN HERE,3
DEXYS MIDNIGHT RUNNERS,1,JOE COCKER - SUMMER IN THE CITY,3
THE EMERALD EXPRESS,1,JC STEWART - I NEED YOU TO HATE ME,3
THE BELOVED,1,NATALIE IMBRUGLIA - TORN,3
OMI,1,OLIVIA DEAN - DIVE,3
ETERNAL,1,JULI - GEILE ZEIT,3
LADY ANTEBELLUM,1,JULI - PERFEKTE WELLE,3
CAPTAIN JACK,1,RIHANNA - WE FOUND LOVE,3
O-ZONE,1,RIHANNA - UMBRELLA,3
ROBYN,1,RIHANNA - THE MONSTER,3
JORDIN SPARKS,1,HALSEY - YOU SHOULD BE SAD,3
ZAZ,1,CHRISTINA AGUILERA - BEAUTIFUL,3
STARDUST,1,JASON DERULO - LOVE NOT WAR (THE TAMPA BEAT),3
CAMEO,1,JASON DERULO - TAKE YOU DANCING,3
KAISER CHIEFS,1,THE GOO GOO DOLLS - IRIS,3
MARIT LARSEN,1,MATT SIMONS - CATCH & RELEASE,3
NELSON,1,SPANDAU BALLET - GOLD,3
MICHEL TELÓ,1,VELLA - ALL MY LOVE,3
THE LUMINEERS,1,LENNY KRAVITZ - AGAIN,3
THE WATERBOYS,1,EAGLE-EYE CHERRY - SAVE TONIGHT,3
FOOLS GARDEN,1,DONNA LEWIS - I LOVE YOU ALWAYS FOREVER,3
KEHLANI,1,BON JOVI - YOU GIVE LOVE A BAD NAME,3
SHENSEEA,1,RONAN KEATING - WHEN YOU SAY NOTHING AT ALL,3
SALT 'N' PEPA,1,ACE OF BASE - THE SIGN,3
E. M. F,1,LAURA BRANIGAN - SELF CONTROL,3
BURAK YETER,1,MALIK HARRIS - STICKS & STONES,3
DANELLE SANDOVAL,1,CAMOUFLAGE - LOVE IS A SHIELD,3
RED BOX,1,ENRIQUE IGLESIAS - SÚBEME LA RADIO,3
PEGGY GOU,1,ZION DESCEMER BUENO - SÚBEME LA RADIO,3
KIM PETRAS,1,LENNOX - SÚBEME LA RADIO,3
JAIN,1,SOUL ASYLUM - RUNAWAY TRAIN,3
MOONLIGHT,1,VISAGE - FADE TO GREY,3
THE LA'S,1,"TEXAS LIGHTNING - NO, NO, NEVER",3
PRINCE AND THE REVOLUTION,1,THE CRANBERRIES - DREAMS,3
NENA,1,ERIC CARMEN - HUNGRY EYES,3
PATRICK SWAYZE,1,PHIL COLLINS - YOU'LL BE IN MY HEART,3
TWENTY 4 SEVEN,1,PHIL COLLINS - CAN'T STOP LOVING YOU,3
MOLOKO,1,TALK TALK - IT'S MY LIFE,3
WEEKND,1,PLAIN WHITE T'S - HEY THERE DELILAH,3
THE KLF,1,EMINEM - THE MONSTER,3
TAMMY WYNETTE,1,GORILLAZ - FEEL GOOD INC.,3
SPIN DOCTORS,1,ADMT - FUCK YOU,3
FRITZ KALKBRENNER,1,MR. BIG - TO BE WITH YOU,3
MAÎTRE GIMS,1,MR. BIG - WILD WORLD,3
DEF LEPPARD,1,WHEATUS - TEENAGE DIRTBAG,3
NIGHT RANGER,1,ASAF AVIDAN - ONE DAY (RECKONING SONG)(WANKELMUT RMX),3
EVERYTHING BUT THE GIRL,1,EROS RAMAZZOTTI - COSE DELLA VITA,3
DES'REE,1,SNAP - RHYTHM IS A DANCER,3
JESSE MCCARTNEY,1,NICK KAMEN - I PROMISED MYSELF,3
EN VOGUE,1,CUTTING CREW - (I JUST) DIED IN YOUR ARMS,3
DEAN LEWIS ZOE WEES,1,FALCO - OUT OF THE DARK,3
MARC RONSON,1,SUNRISE AVENUE - HOLLYWOOD HILLS,3
FIVE,1,WAMDUE PROJECT - KING OF MY CASTLE,3
SOPHIE B HAWKINS,1,ALAN WALKER - FADED,3
3 DOORS DOWN,1,MARK RONSON - NOTHING BREAKS LIKE A HEART,3
MACY GRAY,1,MILOW - AYO TECHNOLOGY,3
FRAY,1,THE ALL-AMERICAN REJECTS - GIVES YOU HELL,3
MARC SCIBILIA,1,AXWELL ^ INGROSSO - DREAMER,3
MARC ANTHONY,1,TREVOR GUTHRIE - DREAMER,3
JOAN OSBORNE,1,EDWYN COLLINS - A GIRL LIKE YOU,3
PORTISHEAD,1,PASSENGER - LET HER GO,3
TONES AND I,1,BEBE REXHA - I'M GOOD (BLUE),3
JON SECADA,1,EMILIA - BIG BIG WORLD,3
LEWIS THOMPSON,1,DEMI LOVATO - ÉCHAME LA CULPA,3
MAE MULLER,1,METALLICA - NOTHING ELSE MATTERS,3
LOUIS III,1,SURF MESA - ILY (I LOVE YOU BABY),3
ROGER SANCHEZ,1,EMILEE - ILY (I LOVE YOU BABY),3
THE DISCO BOYS,1,BLEU SOLEIL - SOLEIL BLEU,3
MANFRED MANN'S EARTH BAND,1,LUIZA - SOLEIL BLEU,3
FRENSHIP,1,OPUS - LIVE IS LIFE,3
EMILY WARREN,1,GIGI D'AGOSTINO - LA PASSION,3
KLANGKARUSSELL,1,MANESKIN - BEGGIN',3
ROBERT MILES,1,ROB THOMAS - LITTLE WONDERS,3
COOLIO,1,ALANIS MORISSETTE - IRONIC,3
AMY SHARK,1,"'NSYNC - BYE, BYE, BYE",3
ALOK,1,'NSYNC - I WANT YOU BACK,3
ROLF ZUCKOWSKI,1,GABRIELLA CILMI - SWEET ABOUT ME,3
NIELS,1,RAY PARKER JR - GHOSTBUSTERS,3
PHILIPP DITTBERNER,1,FAITHLESS - INSOMNIA,3
MARV,1,JOHN NEWMAN - LOVE ME AGAIN,3
KID CUDI,1,THE CONNELLS - '74 - '75,3
DJ JAZZY JEFF,1,PAT BENATAR - LOVE IS A BATTLEFIELD,3
SHERYL CROW,1,BRONSKI BEAT - SMALLTOWN BOY,3
LUKAS GRAHAM,1,FOREIGNER - I WANT TO KNOW WHAT LOVE IS,3
ROCKWELL,1,GNARLS BARKLEY - CRAZY,3
POLICE,1,NUKA - LOVE NOT WAR (THE TAMPA BEAT),3
OUTLANDISH,1,SIMPLE MINDS - DON'T YOU,3
IL CIVETTO,1,JOHN MAYER - YOUR BODY IS A WONDERLAND,3
DELLÉ,1,SCATMAN JOHN - SCATMAN (SKI-BA-BOP-BA-DOP-BOP),3
DIANA KING,1,ALESSIA CARA - SCARS TO YOUR BEAUTIFUL,3
CHRISTINA PERRI,1,BRUCE HORNSBY - THE WAY IT IS,3
THE POLICE,1,MARLON ROUDETTE - NEW AGE,3
ORF VIENNA RADIO SYMPHONY ORCHESTRA,1,TOPLOADER - DANCING IN THE MOONLIGHT,3
DAVID HASSELHOFF,1,HADDAWAY - WHAT IS LOVE,3
RICK ASTLEY,1,LUTRICIA MCNEAL - AIN'T THAT JUST THE WAY,3
THE HEARTBREAKERS,1,GUNS N' ROSES - SWEET CHILD O' MINE,3
YOLANDA BE COOL,1,FOO FIGHTERS - BEST OF YOU,3
PAUL VAN DYK TOPIC,1,FICTION FACTORY - FEELS LIKE HEAVEN,3
SOPHIE B. HAWKINS,1,LORDE - TEAM,3
CREED,1,MELANIE FIONA - GIVE IT TO ME RIGHT,3
CHAKA DEMUS AND PLIERS WITH JACK RADICS,1,JAY-Z - CRAZY IN LOVE,3
TAXI GANG,1,BRADLEY COOPER - SHALLOW,3
FRANS,1,CLEAN BANDIT AND MABEL - TICK TOCK,2
BOB SEGER,1,24KGOLDN - TICK TOCK,2
COLLECTIVE SOUL,1,ALLE FARBEN - AS FAR AS FEELINGS GO,2
SCOOTER,1,ALLE FARBEN - FLOWERS,2
BLACK,1,CLOCKCLOCK - SORRY,2
CRYSTAL FIGHTERS,1,FELIX JAEHN - WALK WITH ME,2
CHAD KROEGER,1,FELIX JAEHN - IT'S NOT RIGHT BUT IT'S OKAY,2
JOSEY SCOTT,1,SHOUSE - WALK WITH ME,2
IRENE CARA,1,NELLY FURTADO - ALL GOOD THINGS (COME TO AN END),2
POISON,1,DON HENLEY - THE BOYS OF SUMMER,2
HORSE,1,LEONA LEWIS - RUN,2
KATE RYAN,1,MICHAEL SCHULTE - YOU LET ME WALK ALONE,2
VANGELIS,1,MICHAEL SCHULTE - BROKEN SUNSHINE,2
N-SYNC,1,MILEY CYRUS - FLOWERS,2
AYSANABEE,1,RED HOT CHILI PEPPERS - CALIFORNICATION,2
JUNGLE,1,CALVIN HARRIS - FEELS,2
THE PUSSYCAT DOLLS,1,SAM SMITH - STAY WITH ME,2
BUSTA RHYMES,1,DASHA - LIKE IT LIKE THAT,2
EVERLAST,1,ROBIN SCHULZ - WORLD GONE WILD,2
GUSTTAVO LIMA,1,ROBIN SCHULZ - ALL WE GOT,2
JOHN PARR,1,COLDPLAY - VIVA LA VIDA,2
FLASH,1,COLDPLAY - SOMETHING JUST LIKE THIS,2
THE PAN,1,COLDPLAY - A SKY FULL OF STARS,2
PLAN B,1,KAMRAD - FEEL ALIVE,2
PETER ANDRE,1,CLEAN BANDIT - ROCKABYE,2
BUBBLER RANX,1,CLEAN BANDIT - RATHER BE,2
TIM BENDZKO,1,JESS GLYNNE - RATHER BE,2
PORTUGAL. THE MAN,1,ONEREPUBLIC - WEST COAST,2
MORGAN WALLEN,1,ONEREPUBLIC - SECRETS,2
AXWELL Λ INGROSSO,1,BRYAN ADAMS - HEAVEN,2
ENNIO,1,BRYAN ADAMS - RUN TO YOU,2
SIXPENCE NONE THE RICHER,1,STING - DREAMING,2
GREY,1,BENSON BOONE - BEAUTIFUL THINGS,2
MAREN MORRIS,1,LOI - GOLD,2
DANNY WILSON,1,R.E.M - SHINY HAPPY PEOPLE,2
MANIC STREET PREACHERS,1,ED SHEERAN - CASTLE ON THE HILL,2
MAJID JORDAN,1,ED SHEERAN - GALWAY GIRL,2
INA WROLDSEN,1,ED SHEERAN - CELESTIAL,2
GURU JOSH,1,ED SHEERAN - I SEE FIRE,2
CELESTE,1,ED SHEERAN - EYES CLOSED,2
ALEXIS JORDAN,1,IMAGINE DRAGONS - ENEMY,2
MISTAJAM,1,LEONY - FADED LOVE,2
JP SAXE,1,LEONY - FRIENDSHIPS (LOST MY LOVE),2
HEART,1,LADY GAGA - BORN THIS WAY,2
DJ ANTOINE VS. TIMATI,1,NICO SANTOS - NUMBER 1,2
KALENNA,1,NICO SANTOS - UNFORGETTABLE,2
CLEMENTINE DOUGLAS,1,NICO SANTOS - ONE DAY (I'M GONNA BREAK YOUR HEART),2
ALPHABEAT,1,THE WAILERS - COULD YOU BE LOVED,2
SEBASTIÁN YATRA,1,REA GARVEY - SOMEWHERE CLOSE TO HEAVEN,2
CEE LO GREEN,1,REA GARVEY - CAN'T STAND THE SILENCE,2
CRYSTAL WATERS,1,REA GARVEY - ALL GOOD THINGS (COME TO AN END),2
LISSIE,1,NELLY - OVER AND OVER,2
BIG MOUNTAIN,1,NELLY - DILEMMA,2
P!NK + WILLOW SAGE HART,1,LEVKA - ICH BRAUCHE DICH,2
ULTRA NATÉ,1,NATASHA BEDINGFIELD - SOULMATE,2
BILLY RAY CYRUS,1,PURPLE DISCO MACHINE - HYPNOTIZED,2
MASON RAMSEY,1,SOPHIE AND THE GIANTS - HYPNOTIZED,2
HIGHT,1,GREEN DAY - 21 GUNS,2
TAYLOR DAYNE,1,RUDIMENTAL - THESE DAYS,2
KEANE,1,MACKLEMORE JESS GLYNNE - THESE DAYS,2
STEVE PERRY,1,DAN CAPLEN - THESE DAYS,2
SKUNK ANANSIE,1,ARIANA GRANDE - NO TEARS LEFT TO CRY,2
WISIN,1,THE KID LAROI - WITHOUT YOU,2
SNOW,1,JUSTIN BIEBER - PEACHES,2
INNER CIRCLE,1,AVA MAX - TORN,2
MICHAEL KIWANUKA,1,AVA MAX - THE MOTTO,2
ALICE MERTON,1,DAVID GUETTA - WHEN LOVE TAKES OVER,2
THE BUGGLES,1,ANNE-MARIE - ALARM,2
THE SMASHING PUMPKINS,1,ANNE-MARIE - ROCKABYE,2
FATBOY SLIM,1,"ANNE-MARIE - FUCK, I'M LONELY",2
X,1,MICHAEL PATRICK KELLY - BLURRY EYES,2
KPOP DEMON HUNTERS CAST,1,TAYLOR SWIFT - IS IT OVER NOW? (TAYLOR'S VERSION) (FROM THE VAULT),2
DANTE THOMAS,1,TAYLOR SWIFT - I DON'T WANNA LIVE FOREVER (FIFTY SHADES DARKER),2
MILK,1,PINK - WHAT ABOUT US,2
SUGAR,1,PINK - WHO KNEW,2
REDNEX,1,PINK - LADY MARMALADE (VOULEZ-VOUS COUCHER AVEC MOI CE SOIR),2
ARETHA FRANKLIN WITH GEORGE MICHAEL,1,PINK - TRUSTFALL,2
IYAZ,1,PINK - IRRELEVANT,2
RICK SPRINGFIELD,1,THE VERVE - BITTER SWEET SYMPHONY,2
KATE YANAI,1,TINA TURNER - I DON'T WANNA LOSE YOU,2
CRAZY TOWN,1,TINA TURNER - PRIVATE DANCER,2
MARY MARY,1,TINA TURNER - THE BEST,2
MARTA JANDOVÁ,1,BACKSTREET BOYS - EVERYBODY (BACKSTREET'S BACK),2
A GREAT BIG WORLD,1,BACKSTREET BOYS - AS LONG AS YOU LOVE ME,2
MANCHESTER ORCHESTRA,1,ADELE - ROLLING IN THE DEEP,2
2 UNLIMITED,1,ADELE - EASY ON ME,2
ICONA POP,1,BRUNO MARS - TALKING TO THE MOON,2
DANIEL MERRIWEATHER,1,BRUNO MARS - JUST THE WAY YOU ARE,2
KAROL G,1,BRUNO MARS - LOCKED OUT OF HEAVEN,2
ECHT,1,LABRINTH - BENEATH YOUR BEAUTIFUL,2
SASH!,1,EMELI SANDÉ - BENEATH YOUR BEAUTIFUL,2
MILLI VANILLI,1,DEVA MAHAL - SNAKES,2
GNASH,1,JONAS BLUE - FAST CAR,2
OLIVIA O'BRIEN,1,JONAS BLUE - PERFECT STRANGERS,2
ALIZÉE,1,DAKOTA - FAST CAR,2
LISA STANSFIELD,1,OFENBACH - HEAD SHOULDERS KNEES & TOES,2
BLUE LAGOON,1,NORMA JEAN MARTINE - HEAD SHOULDERS KNEES & TOES,2
JOAN JETT AND THE BLACKHEARTS,1,HOZIER - TAKE ME TO CHURCH,2
GLASPERLENSPIEL,1,MADONNA - THE POWER OF GOOD-BYE,2
ILIRA,1,MADONNA - MUSIC,2
THE RED HOT CHILI PEPPERS,1,HUNTR - GOLDEN,2
ART OF NOISE,1,EJAE - GOLDEN,2
OUTKAST,1,AUDREY NUNA - GOLDEN,2
NICOLE KIDMAN,1,REI AMI - GOLDEN,2
TOM PETTY AND THE HEARTBREAKERS,1,JOHANNES OERDING - AN GUTEN TAGEN,2
RAINBIRDS,1,LOST FREQUENCIES - BLACK FRIDAY (PRETTY LIKE THE SUN),2
SOULSISTER,1,LENA - WILD AND FREE,2
RAF,1,LENA - SATELLITE,2
PHANTOM PLANET,1,CHAPPELL ROAN - PINK PONY CLUB,2
RABO,1,JAMES BLUNT - BONFIRE HEART,2
HELGE SCHNEIDER,1,BLOODHOUND GANG - THE BAD TOUCH,2
ERIC CLAPTON,1,ZOE WEES - TRAITOR,2
LAURYN HILL,1,ZOE WEES - CONTROL,2
YES,1,MICHAEL JACKSON - BAD,2
ALEXANDRA STAN,1,MICHAEL JACKSON - BLACK OR WHITE,2
SELIG,1,MICHAEL JACKSON - BEAT IT,2
ELVIS PRESLEY VS. JXL,1,MICHAEL JACKSON - EARTH SONG,2
SADE,1,MICHAEL JACKSON - THE WAY YOU MAKE ME FEEL,2
MATY NOYES,1,KYGO - FIRESTONE,2
KOOL,1,KYGO - WHAT'S LOVE GOT TO DO WITH IT,2
THE GANG,1,AVRIL LAVIGNE - COMPLICATED,2
WILSON PHILLIPS,1,DUA LIPA - WE’RE GOOD,2
FLORENCE,1,DUA LIPA - THESE WALLS,2
THE MACHINE,1,TEXAS - SAY WHAT YOU WANT,2
SINÉAD O'CONNOR,1,BILLY IDOL - REBEL YELL,2
FAUL,1,NO DOUBT - HEY BABY,2
WAD AD VS. PNAU,1,NO DOUBT - IT'S MY LIFE,2
THOMPSON TWINS,1,CYNDI LAUPER - TRUE COLORS,2
SIGMA,1,CYNDI LAUPER - TIME AFTER TIME,2
INXS,1,OASIS - WHATEVER,2
BOMFUNK MC'S,1,THE AVENER - FADE OUT LINES,2
THE CARDIGANS,1,GEORGE MICHAEL - CARELESS WHISPER,2
WIZKID,1,MILKY CHANCE - LIVING IN A HAZE,2
KYLA,1,DEPECHE MODE - PEOPLE ARE PEOPLE,2
DANIELLE BRISEBOIS,1,DEPECHE MODE - PERSONAL JESUS,2
SABRINA SETLUR,1,DEPECHE MODE - PRECIOUS,2
MASSIVE ATTACK,1,ROBBIE WILLIAMS - ETERNITY,2
SANDRO CAVAZZA,1,ROBBIE WILLIAMS - FEEL,2
KATE NASH,1,ROBBIE WILLIAMS - ANGELS,2
SOUNDGARDEN,1,TAL BACHMAN - SHE'S SO HIGH,2
MELANIE THORNTON,1,JUSTIN TIMBERLAKE - MIRRORS,2
MODERN TALKING,1,SPICE GIRLS - SAY YOU'LL BE THERE,2
ELEVATOR BOYS,1,KUNGS - THIS GIRL,2
K STEWART,1,TAKE THAT - HOW DEEP IS YOUR LOVE,2
THE MAVERICKS,1,TAKE THAT - RELIGHT MY FIRE,2
EELS,1,TATE MCRAE - 10:35,2
TQ,1,JAM - KALEIDOSCOPE SKIES,2
MARQUESS,1,SPOON - KALEIDOSCOPE SKIES,2
LINKIN PARK AND KIIARA,1,GEORGE EZRA - SHOTGUN,2
RAZORLIGHT,1,SIA - UNSTOPPABLE,2
WIND EARTH,1,ELLIE GOULDING - BURN,2
FIRE,1,ELLIE GOULDING - ON MY MIND,2
RITON,1,SONIQUE - SKY,2
OLIVER HELDENS,1,SOMBR - BACK TO FRIENDS,2
VULA,1,PITBULL - TIMBER,2
VANILLA ICE,1,KE$HA - TIMBER,2
YASHA,1,ISAAK - HAPPY TEARS,2
MISS PLATNUM,1,SHAGGY - BOOMBASTIC,2
SAVAGE GARDEN,1,CAT BURNS - PEOPLE PLEASER,2
A FLOCK OF SEAGULLS,1,VIZE - NEVER LET ME DOWN,2
SARA BAREILLES,1,TOM GREGORY - NEVER LET ME DOWN,2
LIFEHOUSE,1,KELLY CLARKSON - BECAUSE OF YOU,2
LUCENZO DON OMAR,1,KATZENJAMMER - I WILL DANCE (WHEN I WALK AWAY),2
MIKE POSNER,1,SUGABABES - ABOUT YOU NOW,2
AARON,1,BLUE - ALL RISE,2
EDIE BRICKELL,1,SEAL - AMAZING,2
NEW BOHEMIANS,1,ALL SAINTS - BLACK COFFEE,2
CHARLI XCX,1,RAYE - SECRETS,2
SAWEETIE,1,ÁLVARO SOLER - MAGIA,2
BRYN CHRISTOPHER,1,ZAYN - I DON'T WANNA LIVE FOREVER (FIFTY SHADES DARKER),2
THE CAESARS,1,TWENTY ONE PILOTS - LEVEL OF CONCERN,2
CARDI B,1,DERMOT KENNEDY - KISS ME,2
KID INK,1,GOSSIP - HEAVY CROSS,2
BACHMAN-TURNER OVERDRIVE,1,JP COOPER - PERFECT STRANGERS,2
DISTURBED,1,JULIAN PERRETTA - MIRACLE,2
DEEP BLUE SOMETHING,1,BEYONCÉ - HALO,2
ANDERSON EAST,1,CYRIL - WORLD GONE WILD,2
DAS BO,1,MEGHAN TRAINOR - MARVIN GAYE,2
JAMES ARTHUR,1,JACK - RISE,2
MIDNIGHT OIL,1,KID ROCK - ALL SUMMER LONG,2
ONE REPUBLIC,1,CONRAD - FIRESTONE,2
HIM,1,SHEPPARD - GERONIMO,2
ALESSO,1,RITA ORA - YOU ONLY LOVE ME,2
THE CARS,1,JONAS BROTHERS - WHAT A MAN GOTTA DO,2
MOUSSE T. VS. HOT'N'JUICY,1,NICKELBACK - ROCKSTAR,2
JAWSH 685,1,NICKELBACK - IF EVERYONE CARED,2
DISCLOSURE,1,SHAKIRA - UNDERNEATH YOUR CLOTHES,2
THE WALLFLOWERS,1,SHAKIRA - WAKA WAKA (THIS TIME FOR AFRICA),2
NAMIKA,1,JORIS - HEART OVER HEAD,2
BECKY HILL,1,PICTURE THIS - HEART OVER HEAD,2
,,PICTURE THIS - SOMEWHERE CLOSE TO HEAVEN,2
,,PICTURE THIS - GET ON MY LOVE,2
,,AURA DIONE - SONG FOR SOPHIE,2
,,MGK - MISS SUNSHINE,2
,,TIËSTO - 10:35,2
,,TIËSTO - THE BUSINESS,2
,,TIËSTO - THE MOTTO,2
,,CAMILA CABELLO - DON'T GO YET,2
,,CAMILA CABELLO - SENORITA,2
,,CAMILA CABELLO - LIAR,2
,,JAMES MORRISON - YOU GIVE ME SOMETHING,2
,,KT TUNSTALL - BLACK HORSE & THE CHERRY TREE,2
,,PEARL JAM - JUST BREATHE,2
,,SNOOP DOGG - BEAUTIFUL,2
,,P!NK - NEVER GONNA NOT DANCE AGAIN,2
,,P!NK - DREAMING,2
,,P!NK - TRUSTFALL,2
,,JAN HAMMER - CROCKETT'S THEME,2
,,REAMONN - SUPERGIRL,2
,,REAMONN - THROUGH THE EYES OF A CHILD,2
,,QUARTERHEAD - HEAD SHOULDERS KNEES & TOES,2
,,RAG'N'BONE MAN - SKIN,2
,,CHER - STRONG ENOUGH,2
,,SARAH CONNOR - WIE SCHÖN DU BIST,2
,,MOBY - WHY DOES MY HEART FEEL SO BAD,2
,,MOBY - LIFT ME UP,2
,,SNOW PATROL - RUN,2
,,A-HA - THE SUN ALWAYS SHINES ON TV,2
,,A-HA - FOOT OF THE MOUNTAIN,2
,,J.I.D - ENEMY,2
,,SORAYA - STAY AWHILE,2
,,IZZY BIZU - WHITE TIGER,2
,,NIGHTCRAWLERS - PUSH THE FEELING ON,2
,,WHITNEY HOUSTON - IT'S NOT RIGHT BUT IT'S OKAY,2
,,WHITNEY HOUSTON - I WANNA DANCE WITH SOMEBODY,2
,,THE CHAINSMOKERS - SOMETHING JUST LIKE THIS,2
,,THE CHAINSMOKERS - PARIS,2
,,SASHA - LUCKY DAY,2
,,DURAN DURAN - WILD BOYS,2
,,BOB SINCLAR - LOVE GENERATION,2
,,SILBERMOND - SYMPHONIE (FORTE),2
,,SANTANA - THE GAME OF LOVE,2
,,SANTANA - SMOOTH,2
,,SHAWN MENDES - NERVOUS,2
,,SHAWN MENDES - SENORITA,2
,,SHAWN MENDES - WONDER,2
,,MARSHMELLO - DREAMING,2
,,MARSHMELLO - BE KIND,2
,,DEAN LEWIS - BE ALRIGHT,2
,,MAX GIESINGER - WENN SIE TANZT,2
,,MAX GIESINGER - QUIZ BAD IN DER MENGE / MAX GIESINGER / WENN SIE TANZT,2
,,CHARLIE PUTH - MARVIN GAYE,2
,,CHARLIE PUTH - SEE YOU AGAIN,2
,,KELLY ROWLAND - WHEN LOVE TAKES OVER,2
,,KELLY ROWLAND - DILEMMA,2
,,COREY HART - SUNGLASSES AT NIGHT,2
,,MEN AT WORK - DOWN UNDER,2
,,DR. ALBAN - IT'S MY LIFE,2
,,ERIC PRYDZ - CALL ON ME,2
,,THE KILLERS - READ MY MIND,2
,,GUNS N´ ROSES - KNOCKIN' ON HEAVEN'S DOOR,2
,,ANDREAS BOURANI - AUF ANDEREN WEGEN,2
,,VILLE VALO - SUMMER WINE,2
,,NATALIA AVELON - SUMMER WINE,2
,,MC HAMMER - U CAN'T TOUCH THIS (YOU CAN'T TOUCH THIS),2
,,MIDGE URE - IF I WAS,2
,,ALICIA KEYS - GIRL ON FIRE,2
,,ALICIA KEYS - EMPIRE STATE OF MIND (PART 2),2
,,ALICIA KEYS - FALLIN',2
,,WHAM! - CLUB TROPICANA,2
,,TOM PETTY - LEARNING TO FLY,2
,,KINGS OF LEON - SEX ON FIRE,2
,,GENESIS - I CAN'T DANCE,2
,,GENESIS - JESUS HE KNOWS ME,2
,,FREDDIE MERCURY - I WAS BORN TO LOVE YOU,2
,,FREDDIE MERCURY - LIVING ON MY OWN,2
,,VENGABOYS - WE'RE GOING TO IBIZA,2
,,2PAC - CHANGES,2
,,ROXETTE - THE LOOK,2
,,AEROSMITH - I DON'T WANT TO MISS A THING,2
,,SEAN PAUL - I'M STILL IN LOVE WITH YOU,2
,,TASMIN ARCHER - SLEEPING SATELLITE,2
,,SPLIFF - DÉJÀ VU,2
,,HÉROES DEL SILENCIO - ENTRE DOS TIERRAS,2
,,MABEL - MAD LOVE,2
,,MABEL - DON'T CALL ME UP,2
,,TINA TURNER KYGO - WHAT'S LOVE GOT TO DO WITH IT,2
,,4 THE CAUSE - STAND BY ME,2
,,KIDDO - ALL WE GOT,2
,,YAZOO - DON'T GO,2
,,NOAH KAHAN - STICK SEASON,2
,,"ISRAEL ""IZ"" KAMAKAWIWO'OLE - SOMEWHERE OVER THE RAINBOW",2
,,CRO - EINMAL UM DIE WELT,2
,,PRINCE - THE MOST BEAUTIFUL GIRL IN THE WORLD,2
,,BRUCE SPRINGSTEEN - RADIO NOWHERE,2
,,BRUCE SPRINGSTEEN - DANCING IN THE DARK,2
,,NIK KERSHAW - THE RIDDLE,2
,,ADEL TAWIL - IST DA JEMAND,2
,,CRAIG DAVID - 7 DAYS,2
,,OMC (OTARA MILLIONAIRES CLUB) - HOW BIZARRE,2
,,"LISA ""LEFT EYE"" LOPES - NEVER BE THE SAME AGAIN",2
,,OLIVIA RODRIGO - DRIVERS LICENSE,2
,,ALEX WARREN WITH JELLY ROLL - BLOODLINE,2
,,BASTILLE - THINGS WE LOST IN THE FIRE,2
,,MADCON - GLOW,2
,,MICHELLE BRANCH - THE GAME OF LOVE,2
,,JULI - DIESES LEBEN,2
,,RICKY MARTIN - LIVIN' LA VIDA LOCA,2
,,RICKY MARTIN - NOBODY WANTS TO BE LONELY,2
,,UGLY KID JOE - CATS IN THE CRADLE,2
,,EURYTHMICS - SWEET DREAMS (ARE MADE OF THIS),2
,,MARIAH CAREY - WITHOUT YOU,2
,,BIRDY - KEEPING YOUR HEAD UP,2
,,HALSEY - BE KIND,2
,,TOM ODELL - BLACK FRIDAY (PRETTY LIKE THE SUN),2
,,DAVINA MICHELLE - NO ONE SAID IT WAS EASY (LYRIX-VERSION),2
,,CHRISTINA AGUILERA - LADY MARMALADE (VOULEZ-VOUS COUCHER AVEC MOI CE SOIR),2
,,CHRISTINA AGUILERA - NOBODY WANTS TO BE LONELY,2
,,CHRISTINA AGUILERA - CARWASH,2
,,LIL'KIM - LADY MARMALADE (VOULEZ-VOUS COUCHER AVEC MOI CE SOIR),2
,,MYA - LADY MARMALADE (VOULEZ-VOUS COUCHER AVEC MOI CE SOIR),2
,,JASON DERULO - IN MY HEAD,2
,,JASON DERULO - ACAPULCO,2
,,THE GOO GOO DOLLS - GIVE A LITTLE BIT,2
,,ONE DIRECTION - STORY OF MY LIFE,2
,,STROMAE - ALORS ON DANSE,2
,,JAMIROQUAI - VIRTUAL INSANITY,2
,,S CLUB 7 - DON'T STOP MOVIN',2
,,JUSTIN JESSO - AS FAR AS FEELINGS GO,2
,,LENNY KRAVITZ - STILLNESS OF HEART,2
,,LENNY KRAVITZ - FLY AWAY,2
,,ROBIN BECK - FIRST TIME,2
,,STARSHIP - NOTHING'S GONNA STOP US NOW,2
,,KENNY LOGGINS - DANGER ZONE,2
,,BON JOVI - IT'S MY LIFE,2
,,BON JOVI - LIVIN' ON A PRAYER,2
,,BON JOVI - ALWAYS,2
,,BON JOVI - KEEP THE FAITH,2
,,ACE OF BASE - LIFE IS A FLOWER,2
,,KIM WILDE - YOU KEEP ME HANGIN' ON,2
,,ICH - STARK,2
,,REEL 2 REAL - I LIKE TO MOVE IT,2
,,MALIK HARRIS - DREAMER,2
,,CAMOUFLAGE - THE GREAT COMMANDMENT,2
,,DAFT PUNK - ONE MORE TIME,2
,,MARY J. BLIGE - ONE,2
,,DIDO - HERE WITH ME,2
,,DIDO - THANK YOU,2
,,THE CRANBERRIES - ZOMBIE,2
,,EXTREME - MORE THAN WORDS,2
,,PHIL COLLINS - A GROOVY KIND OF LOVE,2
,,PHIL COLLINS - EASY LOVER,2
,,FAMILY OF THE YEAR - HERO,2
,,MARC COHN - WALKING IN MEMPHIS,2
,,MICHAEL ANDREWS - MAD WORLD,2
,,GARY JULES - MAD WORLD,2
,,REGARD - SECRETS,2
,,COOKIN' ON 3 BURNERS - THIS GIRL,2
,,ADMT - COME ALONG,2
,,WIZ KHALIFA - SEE YOU AGAIN,2
,,NORAH JONES - DON'T KNOW WHY,2
,,CHARLES - WOULD I LIE TO YOU?,2
,,EDDIE - WOULD I LIE TO YOU?,2
,,TITIYO - COME ALONG,2
,,HANSON - MMM BOP,2
,,WET WET WET - LOVE IS ALL AROUND,2
,,FALCO - EGOIST,2
,,SUNRISE AVENUE - I DON'T DANCE,2
,,USHER - DJ GOT US FALLIN' IN LOVE,2
,,SAM MARTIN - WORLD GONE WILD,2
,,KELVIN JONES - DON'T LET ME GO,2
,,MILOW - YOU DON'T KNOW,2
,,FURY IN THE SLAUGHTERHOUSE - TIME TO WONDER,2
,,SIMPLY RED - SOMETHING GOT ME STARTED,2
,,KRAFTKLUB - SCHIEF IN JEDEM CHOR,2
,,LYKKE LI - I FOLLOW RIVERS,2
,,ABC - THE LOOK OF LOVE,2
,,THE FARM - ALL TOGETHER NOW,2
,,MARVIN GAYE - SEXUAL HEALING,2
,,BEBE REXHA - HEART WANTS WHAT IT WANTS,2
,,ALL-4-ONE - I SWEAR,2
,,MR. MISTER - KYRIE,2
,,MR. MISTER - BROKEN WINGS,2
,,MUMFORD - I WILL WAIT,2
,,SONS - I WILL WAIT,2
,,CORONA - THE RHYTHM OF THE NIGHT,2
,,MIAMI SOUND MACHINE - CONGA,2
,,SINEAD O'CONNOR - NOTHING COMPARES 2 U,2
,,STARSAILOR - FOUR TO THE FLOOR,2
,,WANDA - COLUMBO,2
,,WU-TANG CLAN - SAY WHAT YOU WANT,2
,,"LAUV - FUCK, I'M LONELY",2
,,TRACY CHAPMAN - TALKIN' 'BOUT A REVOLUTION,2
,,PETER FOX - HAUS AM SEE,2
,,MIKE - OVER MY SHOULDER,2
,,THE MECHANICS - OVER MY SHOULDER,2
,,ALPHAVILLE - FOREVER YOUNG,2
,,ROB THOMAS - SMOOTH,2
,,FOOL'S GARDEN - LEMON TREE,2
,,ALANIS MORISSETTE - YOU OUGHTA KNOW,2
,,PAOLO NUTINI - LAST REQUEST,2
,,"FRANCE GALL - ELLA, ELLE L'A",2
,,JOEL CORRY - HEAD & HEART,2
,,MNEK - HEAD & HEART,2
,,WHIGFIELD - SATURDAY NIGHT,2
,,SHOLA AMA - YOU MIGHT NEED SOMEBODY,2
,,LEA - LEISER,2
,,THE SCORPIONS - WIND OF CHANGE,2
,,TOKIO HOTEL - DURCH DEN MONSUN,2
,,LAID BACK - SUNSHINE REGGAE,2
,,THE LAST GOODNIGHT - PICTURES OF YOU,2
,,MARILLION - KAYLEIGH,2
,,PHILIP BAILEY - EASY LOVER,2
,,NEW RADICALS - YOU GET WHAT YOU GIVE,2
,,MEAT LOAF - MODERN GIRL,2
,,AMERICAN AUTHORS - BEST DAY OF MY LIFE,2
,,X AMBASSADORS - RENEGADES,2
,,CHRISTINA MILIAN - WHEN YOU LOOK AT ME,2
,,DANIEL CAESAR - PEACHES,2
,,GIVEON - PEACHES,2
,,ALMA - CHASING HIGHS,2
,,JOSHUA KADISON - JESSIE,2
,,MISSY ELLIOTT - CARWASH,2
,,JAMES BAY - HOLD BACK THE RIVER,2
,,ROBERT FRANCIS - JUNEBUG,2
,,GRAHAM CANDY - FLOWERS,2
,,KATIE MELUA - NINE MILLION BICYCLES,2
,,MC SAR - ANOTHER NIGHT,2
,,THE REAL MCCOY - ANOTHER NIGHT,2
,,THE KOOKS - SHE MOVES IN HER OWN WAY,2
,,MARQUE - ONE TO MAKE HER HAPPY,2
,,RICHARD MARX - RIGHT HERE WAITING,2
,,YOUSSOU N'DOUR - 7 SECONDS,2
,,NENEH CHERRY - 7 SECONDS,2
,,PIERRE DE MAERE - THESE WALLS,2
,,"DRAKE - HOLD ON, WE’RE GOING HOME",2
,,LONDONBEAT - I'VE BEEN THINKING ABOUT YOU,2
,,4 NON BLONDES - WHAT'S UP,2
,,REAL LIFE - SEND ME AN ANGEL,2
,,SURVIVOR - EYE OF THE TIGER,2
,,SAM SPARRO - BLACK & GOLD,2
,,THE COMMUNARDS - DON'T LEAVE ME THIS WAY,2
,,OZZY OSBOURNE - DREAMER,2
,,SWEDISH HOUSE MAFIA - DON'T YOU WORRY CHILD,2
,,PASCAL LETOUBLON - FRIENDSHIPS (LOST MY LOVE),2
,,AIR - ALL I NEED,2
,,LORDE - ROYALS,2
,,INDEEP - LAST NIGHT A DJ SAVED MY LIFE,2
,,FRESHLYGROUND - WAKA WAKA (THIS TIME FOR AFRICA),2
,,LIQUIDO - NARCOTIC,2
,,THE B-52'S - LOVE SHACK,2
,,NO MERCY - WHERE DO YOU GO,2
,,CUT'N'MOVE - GIVE IT UP,2
,,BAG RAIDERS - WAY BACK HOME,2
,,LAHOS - FLOWERS,2
,,MATTAFIX - BIG CITY LIFE,2
,,DIANA ROSS - UPSIDE DOWN,2
,,THE FUGEES - KILLING ME SOFTLY,2
,,TIFFANY ARIS - BREATHE,2
,,DUCK SAUCE - BARBRA STREISAND,2
,,KALEO - I WANT MORE,1
,,ALLE FARBEN - LOVE HURT REPEAT,1
,,ALLE FARBEN - SHE MOVES (FAR AWAY),1
,,ALLE FARBEN - FADING,1
,,FAST BOY - WHERE YOU ARE,1
,,FAST BOY - WAVE,1
,,CLOCKCLOCK - LOVE U AGAIN,1
,,BLINK 182 - I MISS YOU,1
,,FELIX JAEHN - ONE MORE TIME (FEAT. ALIDA),1
,,FELIX JAEHN - AIN'T NOBODY (LOVES ME BETTER),1
,,NELLY FURTADO - PROMISCUOUS,1
,,NELLY FURTADO - THE GRASS IS GREEN,1
,,PORTUGAL THE MAN - FEEL IT STILL,1
,,TOPIC - AWAY,1
,, - HOOK GHOSTBUSTERS,1
,, - HOOKTEASING / INNER CIRCLE / GAMES PEOPLE PLAY,1
,, - HOOK COLDPLAY PARADISE,1
,, - SFX BLITZER,1
,,MAROON 5 - ONE MORE NIGHT,1
,,MAROON 5 - BEAUTIFUL MISTAKES,1
,,MAROON 5 - GIRLS LIKE YOU,1
,,SABRINA CARPENTER - TEARS,1
,,KATY PERRY - HOT'N'COLD,1
,,KATY PERRY - WHEN I'M GONE,1
,,LOLA YOUNG - D£ALER,1
,,QUEEN - I WANT IT ALL,1
,,QUEEN - THE SHOW MUST GO ON,1
,,QUEEN - RADIO GA GA,1
,,LEONA LEWIS - BLEEDING LOVE,1
,,MICHAEL SCHULTE - FOR A SECOND,1
,,MICHAEL SCHULTE - BACK TO THE START,1
,,RED HOT CHILI PEPPERS - DARK NECESSITIES,1
,,CALVIN HARRIS - OUTSIDE,1
,,CALVIN HARRIS - BLESSINGS,1
,,CALVIN HARRIS - ONE KISS,1
,,SAM SMITH - LATCH,1
,,ROBIN SCHULZ - ONE MORE TIME (FEAT. ALIDA),1
,,ROBIN SCHULZ - UNFORGETTABLE,1
,,ROBIN SCHULZ - SUN WILL SHINE,1
,,ROBIN SCHULZ - IN YOUR ARMS (FOR AN ANGEL),1
,,ROBIN SCHULZ - SUN GOES DOWN,1
,,ROBIN SCHULZ - IN YOUR EYES,1
,,ALIDA - ONE MORE TIME (FEAT. ALIDA),1
,,ALIDA - IN YOUR EYES,1
,,COLDPLAY - TALK,1
,,AMANDA MARSHALL - LET IT RAIN,1
,,CLEAN BANDIT - REAL LOVE,1
,,CLEAN BANDIT - SOLO,1
,,CLEAN BANDIT - SYMPHONY,1
,,JESS GLYNNE - REAL LOVE,1
,,ONEREPUBLIC - RESCUE ME,1
,,ONEREPUBLIC - MARCHIN ON,1
,,BRYAN ADAMS - SOMEBODY,1
,,BRYAN ADAMS - CAN'T STOP THIS THING WE STARTED,1
,,BRYAN ADAMS - EVERYTHING I DO (I DO IT FOR YOU),1
,,STING - DESERT ROSE,1
,,GLOCKENBACH - DANCING IN THE DIRT,1
,,ÁSDÍS - FLASHBACK,1
,,BENSON BOONE - MYSTICAL MAGICAL,1
,,LOI - LEFT IN YOUR LOVE,1
,,R.E.M - LEAVING NEW YORK,1
,,R.E.M - EVERYBODY HURTS,1
,,ED SHEERAN - OVERPASS GRAFFITI,1
,,ED SHEERAN - PHOTOGRAPH,1
,,ED SHEERAN - PERFECT,1
,,ED SHEERAN - SOUNDCOLLAGE ED SHEERAN (THE A-TEAM / PERFECT),1
,,ED SHEERAN - SHIVERS,1
,,ED SHEERAN - LOVE YOURSELF,1
,,IMAGINE DRAGONS - NATURAL,1
,,IMAGINE DRAGONS - WHATEVER IT TAKES,1
,,CULTURE BEAT - RENDEZ-VOUS,1
,,STEFAN RAAB - WADDE HADDE DUDDE DA?,1
,,LIMP BIZKIT - FAITH,1
,,LADY GAGA - BLADE OF GRASS (LYRIX-VERSION),1
,,LADY GAGA - POKER FACE,1
,,LADY GAGA - ALEJANDRO,1
,,WILL SMITH - WILD WILD WEST,1
,,WILL SMITH - MIAMI,1
,,NICO SANTOS - SAFE,1
,,NICO SANTOS - IN YOUR ARMS (FOR AN ANGEL),1
,,NICO SANTOS - WHERE YOU ARE,1
,,NICO SANTOS - HUMAN BEING,1
,,BOB MARLEY - IRON LION ZION,1
,,BOB MARLEY - BUFFALO SOLDIER,1
,,THE WAILERS - BUFFALO SOLDIER,1
,,ASDIS - FLASHBACK,1
,,REA GARVEY - OH MY LOVE,1
,,REA GARVEY - TALK TO YOUR BODY,1
,,REA GARVEY - THE ONE,1
,,REA GARVEY - BEST BAD FRIEND,1
,,NIGHTMARES ON WAX - LES NUITS,1
,,NELLY - JUST A DREAM,1
,,BONNIE TYLER - HOLDING OUT FOR A HERO,1
,,LIL NAS X - THATS WHAT I WANT,1
,,LIL NAS X - OLD TOWN ROAD (REMIX),1
,,TWOCOLORS - LOVEFOOL,1
,,BTS - PERMISSION TO DANCE,1
,,BTS - DYNAMITE,1
,,GREEN DAY - GOOD RIDDANCE (TIME OF YOUR LIFE),1
,,SOFIYA NZAU - AWAY,1
,,GRACIE ABRAMS - THAT’S SO TRUE,1
,,RUDIMENTAL - NIGHTS LIKE THESE,1
,,ARIANA GRANDE - DANGEROUS WOMAN,1
,,"ARIANA GRANDE - THANK U, NEXT",1
,,DIE ÄRZTE - MÄNNER SIND SCHWEINE,1
,,DIE ÄRZTE - LASSE REDN,1
,,DIE ÄRZTE - WESTERLAND,1
,,HURTS - WONDERFUL LIFE,1
,,HURTS - STAY,1
,,JUSTIN BIEBER - DAISIES,1
,,AVA MAX - MY HEAD & MY HEART,1
,,AVA MAX - LOVIN MYSELF,1
,,AVA MAX - EVERYTIME I CRY,1
,,AVA MAX - MAYBE YOU’RE THE PROBLEM,1
,,AVA MAX - WHO'S LAUGHING NOW,1
,,FREYA RIDINGS - WEEKENDS,1
,,JASON MRAZ - I'M YOURS,1
,,DAVID GUETTA - LET'S LOVE,1
,,DAVID GUETTA - WHEN WE WERE YOUNG (THE LOGICAL SONG),1
,,DAVID GUETTA - MEMORIES,1
,,DAVID GUETTA - IF YOU REALLY LOVE ME (HOW WILL I KNOW),1
,,DAVID GUETTA - FLOATING THROUGH SPACE,1
,,DAVID GUETTA - TITANIUM,1
,,DAVID GUETTA - DON'T LEAVE ME ALONE,1
,,DAVID GUETTA - FOREVER YOUNG,1
,,DAVID GUETTA - CRAZY WHAT LOVE CAN DO,1
,,ANNE-MARIE - CIAO ADIOS,1
,,ANNE-MARIE - 2002,1
,,ANNE-MARIE - DON'T LEAVE ME ALONE,1
,,AVICII - THE DAYS,1
,,AVICII - SOS,1
,,AVICII - WITHOUT YOU,1
,,MICHAEL PATRICK KELLY - ID,1
,,MICHAEL PATRICK KELLY - THROWBACK,1
,,MICHAEL PATRICK KELLY - BEST BAD FRIEND,1
,,JENNIFER LOPEZ - LOVE DON'T COST A THING,1
,,JENNIFER LOPEZ - IF YOU HAD MY LOVE,1
,,TAYLOR SWIFT - FORTNIGHT,1
,,TAYLOR SWIFT - LOOK WHAT YOU MADE ME DO,1
,,TAYLOR SWIFT - I KNEW YOU WERE TROUBLE,1
,,TAYLOR SWIFT - WILLOW,1
,,PINK - U + UR HAND (YOU AND YOUR HAND),1
,,PINK - SOBER,1
,,PINK - FAMILY PORTRAIT,1
,,PINK - NEVER GONNA NOT DANCE AGAIN,1
,,LANA DEL REY - VIDEO GAMES,1
,,LANA DEL REY - SUMMERTIME SADNESS,1
,,LISA - BORN AGAIN,1
,,EVANESCENCE - BRING ME TO LIFE,1
,,POST MALONE - FORTNIGHT,1
,,POST MALONE - I HAD SOME HELP,1
,,ADELE - SKYFALL,1
,,ADELE - MAKE YOU FEEL MY LOVE,1
,,ADELE - WHEN WE WERE YOUNG,1
,,ADELE - CHASING PAVEMENTS,1
,,BRUNO MARS - THAT'S WHAT I LIKE,1
,,BRUNO MARS - COUNT ON ME,1
,,BRUNO MARS - UPTOWN FUNK,1
,,EMELI SANDÉ - SHINE,1
,,TOM WALKER - FREAKING OUT,1
,,TOM WALKER - LEAVE A LIGHT ON,1
,,FUN - SOME NIGHTS,1
,,SKUTH - SOPHIE,1
,,AC - YOU SHOOK ME ALL NIGHT LONG,1
,,DC - YOU SHOOK ME ALL NIGHT LONG,1
,,EAST 17 - IT'S ALRIGHT,1
,,PUSSYCAT DOLLS - STICKWITU,1
,,PUSSYCAT DOLLS - DON'T CHA,1
,,GLORIA ESTEFAN - TURN THE BEAT AROUND,1
,,JONAS BLUE - RISE,1
,,LOUD LUXURY - BODY,1
,,BRANDO - BODY,1
,,OFENBACH - OVER YOU,1
,,HERBERT GRÖNEMEYER - LIED 1 - STÜCK VOM HIMMEL,1
,,HERBERT GRÖNEMEYER - FLUGZEUGE IM BAUCH,1
,,BLACK EYED PEAS - DON'T PHUNK WITH MY HEART,1
,,BLACK EYED PEAS - I GOTTA FEELING,1
,,BLACK EYED PEAS - JUST CAN'T GET ENOUGH,1
,,BLACK EYED PEAS - DON'T LIE,1
,,MADONNA - VOGUE,1
,,MADONNA - INTO THE GROOVE,1
,,KPOP DEMON HUNTERS CAST X - GOLDEN,1
,,WINCENT WEISS - DIE GUTEN ZEITEN,1
,,WINCENT WEISS - WER WENN NICHT WIR,1
,,JOHANNES OERDING - DIE GUTEN ZEITEN,1
,,JOHANNES OERDING - ALLES OKAY,1
,,DUFFY - WARWICK AVENUE,1
,,LOST FREQUENCIES - HOOKTEASING / LOST FREQUENCIES X BASTILLE / HEAD DOWN,1
,,LINKIN PARK - WHAT I'VE DONE,1
,,CHAPPELL ROAN - THE GIVER,1
,,JAMES BLUNT - HIGH,1
,,JAMES BLUNT - WISEMEN (WISE MEN),1
,,JAX JONES - I GOT U,1
,,JAX JONES - BREATHE,1
,,JAX JONES - OUT OUT,1
,,ZOE WEES - LOVE ME NOW,1
,,MICHAEL JACKSON - YOU ROCK MY WORLD,1
,,MICHAEL JACKSON - HUMAN NATURE,1
,,MICHAEL JACKSON - YOU ARE NOT ALONE,1
,,KYGO - FIRST TIME,1
,,KYGO - LOVE ME NOW,1
,,KYGO - STAY,1
,,AVRIL LAVIGNE - MY HAPPY ENDING,1
,,ELTON JOHN - COLD HEART (PNAU REMIX),1
,,DUA LIPA - COLD HEART (PNAU REMIX),1
,,DUA LIPA - SCARED TO BE LONELY,1
,,DUA LIPA - HALLUCINATE,1
,,DUA LIPA - LEVITATING,1
,,DUA LIPA - BREAK MY HEART,1
,,DUA LIPA - ONE KISS,1
,,TEXAS - INNER SMILE,1
,,ALFA - A ME MI PIACE,1
,,MANU CHAO - A ME MI PIACE,1
,,MANU CHAO - BONGO BONG,1
,,BILLY IDOL - WHITE WEDDING (PART 1),1
,,BILLY IDOL - WHITE WEDDING,1
,,WIZTHEMC - TAKE MY MIND,1
,,THE WEEKND - SACRIFICE,1
,,THE WEEKND - SAVE YOUR TEARS,1
,,THE WEEKND - CRY FOR ME,1
,,THE WEEKND - MOTH TO A FLAME,1
,,THE SCRIPT - BREAKEVEN,1
,,THE SCRIPT - SUPERHEROES,1
,,CYNDI LAUPER - ALL THROUGH THE NIGHT,1
,,CYNDI LAUPER - I DROVE ALL NIGHT,1
,,OASIS - DON'T LOOK BACK IN ANGER,1
,,OASIS - LITTLE BY LITTLE,1
,,AMY MACDONALD - OH MY LOVE,1
,,AMY MACDONALD - MR ROCK & ROLL,1
,,DAVID BOWIE - LET'S DANCE,1
,,THE STRANGLERS - GOLDEN BROWN,1
,,GEORGE MICHAEL - FREEDOM '90,1
,,MILKY CHANCE - COLORADO,1
,,ROBBIE WILLIAMS - THE DAYS,1
,,ROBBIE WILLIAMS - SOMETHING BEAUTIFUL,1
,,ROBBIE WILLIAMS - SOMETHING STUPID,1
,,REVOLVERHELD - MIT DIR CHILLN,1
,,REVOLVERHELD - SPINNER (20 JAHRE VERSION),1
,,REVOLVERHELD - HALT DICH AN MIR FEST,1
,,REVOLVERHELD - ICH LASS FÜR DICH DAS LICHT AN (20 JAHRE VERSION),1
,,REVOLVERHELD - LASS UNS GEHEN (20 JAHRE VERSION),1
,,REVOLVERHELD - DAS KANN UNS KEINER NEHMEN (20 JAHRE VERSION),1
,,DENNIS LLOYD - NEVERMIND,1
,,DENNIS LLOYD - NEVER GO BACK,1
,,JUSTIN TIMBERLAKE - WHAT GOES AROUND.,1
,,JUSTIN TIMBERLAKE - WHAT GOES AROUND... COMES AROUND,1
,,SPICE GIRLS - 2 BECOME 1,1
,,UNHEILIG - GEBOREN UM ZU LEBEN,1
,,APACHE 207 - MANN MUSS,1
,,TAKE THAT - PATIENCE,1
,,TATE MCRAE - YOU BROKE ME FIRST,1
,,MARTIN JENSEN - SOLO DANCE,1
,,BEAGLE MUSIC LTD - ICE IN THE SUNSHINE,1
,,SIA - LET'S LOVE,1
,,SIA - TOGETHER,1
,,SIA - FLOATING THROUGH SPACE,1
,,SIA - TITANIUM,1
,,ZARA LARSSON - LUSH LIFE,1
,,ZARA LARSSON - AIN'T MY FAULT,1
,,ZARA LARSSON - SYMPHONY,1
,,ELLIE GOULDING - FIRST TIME,1
,,ELLIE GOULDING - OUTSIDE,1
,,ELLIE GOULDING - ALL BY MYSELF,1
,,ELLIE GOULDING - CLOSE TO ME,1
,,SONIQUE - IT FEELS SO GOOD,1
,,PITBULL - ON THE FLOOR,1
,,SHAGGY - IN THE SUMMERTIME,1
,,BRITNEY SPEARS - OOPS!... I DID IT AGAIN,1
,,BRITNEY SPEARS - LUCKY,1
,,MARTERIA - VERSTRAHLT,1
,,MARTERIA - LILA WOLKEN,1
,,VIZE - THE ONE,1
,,KELLY CLARKSON - MY LIFE WOULD SUCK WITHOUT YOU,1
,,KELLY CLARKSON - HEARTBEAT SONG,1
,,SUGABABES - TOO LOST IN YOU,1
,,SEAL - KISS FROM A ROSE,1
,,SEAL - LOVE'S DIVINE,1
,,GIANT ROOKS - SOMEBODY LIKE YOU,1
,,GIANT ROOKS - MORNING BLUE,1
,,TRAVIE MCCOY - BILLIONAIRE,1
,,MAJAN - 99 SORGEN,1
,,ANAÏS - 99 SORGEN,1
,,ENDZONE - 99 SORGEN,1
,,ALL SAINTS - ROCK STEADY,1
,,MARK FORSTER - WIR SIND GROSS,1
,,MARK FORSTER - ZEITMASCHINE,1
,,RAYE - BORN AGAIN,1
,,TWENTY ONE PILOTS - RIDE,1
,,UB 40 - KINGSTON TOWN,1
,,GOSSIP - HEAVY CROSS (RICHTIG: POP GOES THE WORLD),1
,,GOSSIP - MOVE IN THE RIGHT DIRECTION,1
,,BOYZONE - NO MATTER WHAT,1
,,JP COOPER - SEPTEMBER SONG,1
,,BEYONCÉ - BEST THING I NEVER HAD,1
,,CYRIL - THERE SHE GOES,1
,,MEGHAN TRAINOR - LIPS ARE MOVIN',1
,,MEGHAN TRAINOR - ALL ABOUT THAT BASS,1
,,BANANARAMA - CRUEL SUMMER,1
,,THE FRAY - YOU FOUND ME,1
,,THE FRAY - HOW TO SAVE A LIFE,1
,,PRINCE ITAL JOE - UNITED,1
,,MARKY MARK - UNITED,1
,,MARC ATLAS - FOOL,1
,,RITA ORA - HEAT,1
,,JONAS BROTHERS - WHO'S IN YOUR HEAD,1
,,JONAS BROTHERS - ONLY HUMAN,1
,,NICKELBACK - LULLABY,1
,,NICKELBACK - HOW YOU REMIND ME,1
,,NICKELBACK - AFTER THE RAIN,1
,,NICKELBACK - I'D COME FOR YOU,1
,,SHAKIRA - CAN'T REMEMBER TO FORGET YOU,1
,,SHAKIRA - DON'T BOTHER,1
,,STEFANIE HEINZMANN - BEST LIFE,1
,,STEFANIE HEINZMANN - DIGGIN' IN THE DIRT,1
,,TAIO CRUZ - HIGHER,1
,,TAIO CRUZ - WORLD IN OUR HANDS,1
,,KYLIE MINOGUE - HIGHER,1
,,KYLIE MINOGUE - LOVE AT FIRST SIGHT,1
,,AURA DIONE - I WILL LOVE YOU MONDAY,1
,,MOUGLETA - DANCING IN THE DIRT,1
,,LIONEL RICHIE - MY DESTINY,1
,,LIONEL RICHIE - HELLO,1
,,LIONEL RICHIE - ALL NIGHT LONG (ALL NIGHT),1
,,LONDON GRAMMAR - STRONG,1
,,JOURNEY - SEPARATE WAYS (WORLDS APART),1
,,CAMILA CABELLO - HAVANA,1
,,YOUNG THUG - HAVANA,1
,,YOUNG THUG - OLD TOWN ROAD (REMIX),1
,,RENEÉ RAPP - SHY,1
,,YOUNOTUS - MIDNIGHT LOVER,1
,,YOUNOTUS - SAMBA,1
,,PEARL JAM - ALIVE,1
,,VANCE JOY - SATURDAY SUN,1
,,REAMONN - TONIGHT,1
,,NIRVANA - SMELLS LIKE TEEN SPIRIT,1
,,EMPIRE OF THE SUN - WALKING ON A DREAM,1
,,ICEHOUSE - HEY LITTLE GIRL,1
,,RAG'N'BONE MAN - NIGHTS LIKE THESE,1
,,THE COMMON LINNETS - CALM AFTER THE STORM,1
,,CHER - IF I COULD TURN BACK TIME,1
,,CROWDED HOUSE - DON'T DREAM IT'S OVER,1
,,MOBY - PORCELAIN,1
,,MOBY - WHY DOES MY HEART FEEL SO BAD?,1
,,SNOW PATROL - CRACK THE SHUTTERS,1
,,SNOW PATROL - CHASING CARS,1
,,A-HA - HUNTING HIGH AND LOW,1
,,CONCHITA WURST - RISE LIKE A PHOENIX,1
,,COMMODORES - NIGHTSHIFT,1
,,VAN HALEN - CAN'T STOP LOVIN' YOU,1
,,DIE FANTASTISCHEN VIER - WIE WEIT,1
,,DIE FANTASTISCHEN VIER - SIE IST WEG,1
,,DIE FANTASTISCHEN VIER - DER PICKNICKER,1
,,ALOE BLACC - I NEED A DOLLAR,1
,,ALOE BLACC - SOS,1
,,ZAK ABEL - MIDNIGHT LOVER,1
,,HONEY - TAKE MY MIND,1
,,WHITNEY HOUSTON - DIDN'T WE ALMOST HAVE IT ALL,1
,,WHITNEY HOUSTON - STEP BY STEP,1
,,NIALL HORAN - THIS TOWN,1
,,BEES - TAKE MY MIND,1
,,ANASTACIA - I'M OUTTA LOVE,1
,,THE TING TINGS - THAT'S NOT MY NAME,1
,,SOUL II SOUL - BACK TO LIFE,1
,,SOUL II SOUL - BACK TO LIFE (HOWEVER DO YOU WANT ME),1
,,UNDERCOVER - BAKER STREET,1
,,THE CHAINSMOKERS - HIGH,1
,,THE CHAINSMOKERS - CLOSER,1
,,DUKE DUMONT - I GOT U,1
,,TANITA TIKARAM - TWIST IN MY SOBRIETY,1
,,CLUESO - GEWINNER,1
,,FRANCES - SAY IT AGAIN,1
,,SASHA - I FEEL LONELY,1
,,DURAN DURAN - THE WILD BOYS,1
,,SILBERMOND - DURCH DIE NACHT,1
,,SILBERMOND - AUF AUF,1
,,THE PRODUCT G - MARIA MARIA,1
,,B - MARIA MARIA,1
,,DEXYS MIDNIGHT RUNNERS - COME ON EILEEN,1
,,THE EMERALD EXPRESS - COME ON EILEEN,1
,,SHAWN MENDES - IN MY BLOOD,1
,,SHAWN MENDES - PATIENCE,1
,,MARSHMELLO - NUMB,1
,,MARSHMELLO - SILENCE,1
,,THE BELOVED - SWEET HARMONY,1
,,WELSHLY ARMS - LEGENDARY,1
,,COLBIE CAILLAT - I DO,1
,,THE PROCLAIMERS - I'M GONNA BE,1
,,OMI - CHEERLEADER,1
,,ABOR - BALLER,1
,,TYNNA - BALLER,1
,,ETERNAL - I WANNA BE THE ONLY ONE,1
,,KATE BUSH - DON'T GIVE UP,1
,,DR. ALBAN - NO COKE,1
,,ERIC PRYDZ - PJANOO,1
,,THE KILLERS - MR. BRIGHTSIDE,1
,,TOM JONES - KISS,1
,,GUNS N´ ROSES - SWEET CHILD O' MINE,1
,,ANDREAS BOURANI - HEY,1
,,ANDREAS BOURANI - NUR IN MEINEM KOPF,1
,,AMY WINEHOUSE - VALERIE,1
,,JANET JACKSON - AGAIN,1
,,JANET JACKSON - BLACK CAT,1
,,LADY ANTEBELLUM - NEED YOU NOW,1
,,ALICIA KEYS - DOESN'T MEAN ANYTHING,1
,,ALICIA KEYS - EMPIRE STATE OF MIND (PART II) / BROKEN DOWN,1
,,"PINK FLOYD - ANOTHER BRICK IN THE WALL, PART 2",1
,,PINK FLOYD - ANOTHER BRICK IN THE WALL (PART 2),1
,,WHAM! - LAST CHRISTMAS,1
,,TOM PETTY - RUNNIN' DOWN A DREAM,1
,,SUZANNE VEGA - TOM'S DINER,1
,,THE BOSSHOSS - LIKE ICE IN THE SUNSHINE,1
,,CAPTAIN JACK - HOLIDAY,1
,,O-ZONE - DRAGOSTEA DIN TEI,1
,,OLLY MURS - WRAPPED UP,1
,,GENESIS - LAND OF CONFUSION,1
,,GENESIS - NO SON OF MINE,1
,,PHARRELL WILLIAMS - GET LUCKY,1
,,PHARRELL WILLIAMS - FREEDOM,1
,,ROXETTE - SPENDING MY TIME,1
,,ROBYN - DANCING ON MY OWN,1
,,JORDIN SPARKS - NO AIR,1
,,AEROSMITH - CRAZY,1
,,SEAN PAUL - ROCKABYE,1
,,SEAN PAUL - GOT 2 LUV U,1
,,SEAN PAUL - GET BUSY,1
,,SEAN PAUL - GINGER,1
,,JOHN LEGEND - LOVE ME NOW,1
,,TASMIN ARCHER - SOMEBODY'S DAUGHTER,1
,,SPLIFF - CARBONARA,1
,,ZAZ - JE VEUX,1
,,STARDUST - MUSIC SOUNDS BETTER WITH YOU,1
,,KERI HILSON - PRETTY GIRL ROCK,1
,,CAMEO - WORD UP,1
,,"ISRAEL ""IZ"" KAMAKAWIWO'OLE - TITELFOLGE",1
,,ELLE KING - EX'S & OH'S,1
,,KAISER CHIEFS - RUBY,1
,,PRINCE - 1999,1
,,PRINCE - PURPLE RAIN,1
,,PRINCE - WHEN DOVES CRY,1
,,BRUCE SPRINGSTEEN - STREETS OF PHILADELPHIA,1
,,TRAIN - ANGEL IN BLUE JEANS,1
,,CRAIG DAVID - WALKING AWAY,1
,,RAY DALTON - THE BEST IS YET TO COME,1
,,MARIT LARSEN - IF A SONG COULD GET ME YOU,1
,,OLIVIA RODRIGO - GOOD 4 U,1
,,BOSSE - SCHÖNSTE ZEIT,1
,,BOSSE - DER LETZTE TANZ,1
,,BOSSE - SCHÖNSTEZEIT,1
,,BASTILLE - OF THE NIGHT,1
,,BASTILLE - BATHSHEBA & HIM,1
,,BASTILLE - HOOKTEASING / LOST FREQUENCIES X BASTILLE / HEAD DOWN,1
,,NELSON - I CAN'T LIVE WITHOUT YOUR LOVE AND AFFECTION,1
,,MICHEL TELÓ - AI SE EU TE PEGO,1
,,TRAVIS - DRIFTWOOD,1
,,TRAVIS - WHY DOES IT ALWAYS RAIN ON ME,1
,,MARTIN GARRIX - SCARED TO BE LONELY,1
,,THE LUMINEERS - HO HEY,1
,,THE WATERBOYS - GLASTONBURY SONG,1
,,RIHANNA - CAN'T REMEMBER TO FORGET YOU,1
,,RIHANNA - RUDE BOY,1
,,RIHANNA - UNFAITHFUL,1
,,RIHANNA - TE AMO,1
,,RIHANNA - HATE THAT I LOVE YOU,1
,,RICKY MARTIN - MARIA,1
,,RICKY MARTIN - PRIVATE EMOTION,1
,,DIE TOTEN HOSEN - ALLES AUS LIEBE,1
,,DIE TOTEN HOSEN - TAGE WIE DIESE,1
,,DIE TOTEN HOSEN - HIER KOMMT ALEX,1
,,EURYTHMICS - I SAVED THE WORLD TODAY,1
,,FOOLS GARDEN - I WANT IT THAT WAY,1
,,MARIAH CAREY - SUGAR SWEET,1
,,MARIAH CAREY - TYPE DANGEROUS,1
,,MARIAH CAREY - DREAMLOVER,1
,,KEHLANI - SUGAR SWEET,1
,,SHENSEEA - SUGAR SWEET,1
,,ULTRAVOX - HYMN,1
,,LILY ALLEN - THE FEAR,1
,,LILY ALLEN - SMILE,1
,,OF MONSTERS AND MEN - ORDINARY CREATURE,1
,,SALT 'N' PEPA - LET'S TALK ABOUT SEX,1
,,BIRDY - WINGS,1
,,HALSEY - CLOSER,1
,,CHRISTINA AGUILERA - HURT,1
,,CHRISTINA AGUILERA - SAY SOMETHING,1
,,CHRISTINA AGUILERA - COME ON OVER BABY (ALL I WANT IS YOU),1
,,JASON DERULO - IF I'M LUCKY,1
,,JASON DERULO - IT GIRL,1
,,JASON DERULO - WANT TO WANT ME,1
,,JASON DERULO - SAVAGE LOVE,1
,,THE GOO GOO DOLLS - HERE IS GONE,1
,,NEW ORDER - TRUE FAITH,1
,,NEW ORDER - BLUE MONDAY '88,1
,,E. M. F - UNBELIEVABLE,1
,,BURAK YETER - TUESDAY,1
,,DANELLE SANDOVAL - TUESDAY,1
,,MATT SIMONS - OPEN UP,1
,,RED BOX - LEAN ON ME (AH-LI-AYO),1
,,STROMAE - FORMIDABLE,1
,,JAMIROQUAI - COSMIC GIRL,1
,,PEGGY GOU - (IT GOES LIKE) NANANA,1
,,KIM PETRAS - WHEN WE WERE YOUNG (THE LOGICAL SONG),1
,,JUSTIN JESSO - OVER YOU,1
,,JAIN - MAKEBA,1
,,MOONLIGHT - THERE SHE GOES,1
,,THE LA'S - THERE SHE GOES,1
,,SEBASTIAN SCHUB - SING LIKE MADONNA,1
,,PRINCE AND THE REVOLUTION - KISS,1
,,LENNY KRAVITZ - THE CHAMBER,1
,,BON JOVI - WANTED DEAD OR ALIVE,1
,,BON JOVI - BED OF ROSES,1
,,BON JOVI - BECAUSE WE CAN,1
,,BON JOVI - MIDNIGHT IN CHELSEA,1
,,FLEETWOOD MAC - EVERYWHERE,1
,,ACE OF BASE - DON'T TURN AROUND,1
,,ENRIQUE IGLESIAS - DUELE EL CORAZÓN,1
,,DAFT PUNK - AROUND THE WORLD,1
,,"NENA - IRGENDWIE, IRGENDWO, IRGENDWANN",1
,,PATRICK SWAYZE - SHE'S LIKE THE WIND,1
,,TWENTY 4 SEVEN - IS IT LOVE?,1
,,MOLOKO - SING IT BACK,1
,,PHIL COLLINS - DON'T LOSE MY NUMBER,1
,,PHIL COLLINS - IN THE AIR TONIGHT,1
,,PHIL COLLINS - ANOTHER DAY IN PARADISE,1
,,TALK TALK - SUCH A SHAME,1
,,WEEKND - SAVE YOUR TEARS,1
,,THE KLF - JUSTIFIED AND ANCIENT,1
,,TAMMY WYNETTE - JUSTIFIED AND ANCIENT,1
,,SPIN DOCTORS - TWO PRINCES,1
,,FRITZ KALKBRENNER - SKY AND SAND,1
,,TEARS FOR FEARS - EVERYBODY WANTS TO RULE THE WORLD,1
,,MAÎTRE GIMS - EST-CE QUE TU M'AIMES?,1
,,DEF LEPPARD - LOVE BITES,1
,,NIGHT RANGER - SISTER CHRISTIAN (LIVE),1
,,NORAH JONES - SUNRISE,1
,,EVERYTHING BUT THE GIRL - MISSING,1
,,DES'REE - LIFE,1
,,ASAF AVIDAN - ONE DAY (RECKONING SONG),1
,,JESSE MCCARTNEY - BEAUTIFUL SOUL,1
,,EROS RAMAZZOTTI - PIU BELLA COSA,1
,,EN VOGUE - DON'T LET GO,1
,,DEAN LEWIS ZOE WEES - LEARN TO LOVE,1
,,FALCO - VIENNA CALLING,1
,,FALCO - DER KOMMISSAR,1
,,SUNRISE AVENUE - WELCOME TO MY LIFE,1
,,SUNRISE AVENUE - FAIRYTALE GONE BAD,1
,,MARC RONSON - VALERIE,1
,,MELISSA ETHERIDGE - BRING ME SOME WATER,1
,,MELISSA ETHERIDGE - LIKE THE WAY I DO,1
,,MARK RONSON - UPTOWN FUNK,1
,,USHER - SCREAM,1
,,USHER - U (YOU) REMIND ME,1
,,FIVE - KEEP ON MOVIN',1
,,SOPHIE B HAWKINS - RIGHT BESIDE YOU,1
,,MILOW - WHATEVER IT TAKES,1
,,MILOW - SUMMER DAYS,1
,,FURY IN THE SLAUGHTERHOUSE - EVERY GENERATION GOT ITS OWN DISEASE,1
,,3 DOORS DOWN - HERE WITHOUT YOU,1
,,MACY GRAY - I TRY,1
,,FRAY - HOW TO SAVE A LIFE,1
,,MARC SCIBILIA - UNFORGETTABLE,1
,,SIMPLY RED - FAIRGROUND,1
,,SIMPLY RED - SUNRISE,1
,,SIMPLY RED - STARS,1
,,"KRAFTKLUB - WENN ICH TOT BIN, FANG ICH WIEDER AN",1
,,MARC ANTHONY - YOU SANG TO ME,1
,,JOAN OSBORNE - ONE OF US,1
,,PORTISHEAD - ROADS,1
,,TONES AND I - DANCE MONKEY,1
,,JON SECADA - JUST ANOTHER DAY,1
,,MARTIN SOLVEIG - ALL STARS,1
,,ABC - THE NIGHT YOU MURDERED LOVE,1
,,LEWIS THOMPSON - LOVE HURT REPEAT,1
,,MAE MULLER - LOVE HURT REPEAT,1
,,LOUIS III - SAMBA,1
,,ROGER SANCHEZ - ANOTHER CHANCE,1
,,THE DISCO BOYS - FOR YOU,1
,,MANFRED MANN'S EARTH BAND - FOR YOU,1
,,BEBE REXHA - LAST HURRAH,1
,,BEBE REXHA - THAT'S HOW YOU KNOW,1
,,FRENSHIP - CAPSIZE,1
,,EMILY WARREN - CAPSIZE,1
,,DESTINY'S CHILD - EMOTION,1
,,DESTINY'S CHILD - SURVIVOR,1
,,DESTINY'S CHILD - SAY MY NAME,1
,,KLANGKARUSSELL - SONNENTANZ,1
,,ROBERT MILES - ONE & ONE,1
,,NE-YO - SO SICK,1
,,NE-YO - HATE THAT I LOVE YOU,1
,,NE-YO - CLOSER,1
,,COOLIO - GANGSTA'S PARADISE,1
,,AMY SHARK - ADORE,1
,,ALOK - ALL BY MYSELF,1
,,SIGALA - ALL BY MYSELF,1
,,SIGALA - SWEET LOVIN',1
,,ROLF ZUCKOWSKI - DU DA IM RADIO,1
,,NIELS - DU DA IM RADIO,1
,,PHILIPP DITTBERNER - WOLKE 4,1
,,MARV - WOLKE 4,1
,,ELLA HENDERSON - GHOST,1
,,ELLA HENDERSON - CRAZY WHAT LOVE CAN DO,1
,,DEMI LOVATO - SOLO,1
,,METALLICA - ENTER SANDMAN,1
,,METALLICA - WHISKEY IN THE JAR,1
,,KID CUDI - MEMORIES,1
,,DJ JAZZY JEFF - THE FRESH PRINCE OF BEL AIR THEME,1
,,SHERYL CROW - IF IT MAKES YOU HAPPY,1
,,LUKAS GRAHAM - LOVE SOMEONE,1
,,WANDA - BOLOGNA,1
,,LAUV - I LIKE ME BETTER,1
,,TRACY CHAPMAN - TALKIN' BOUT A REVOLUTION,1
,,TRACY CHAPMAN - FAST CAR,1
,,SURF MESA - ILY,1
,,ROCKWELL - SOMEBODY'S WATCHING ME,1
,,POLICE - EVERY LITTLE THING SHE DOES IS MAGIC,1
,,"SPORTFREUNDE STILLER - APPLAUS, APPLAUS",1
,,SPORTFREUNDE STILLER - EIN KOMPLIMENT,1
,,SPORTFREUNDE STILLER - DAS GESCHENK,1
,,OUTLANDISH - AICHA,1
,,THE ROLLING STONES - START ME UP,1
,,THE ROLLING STONES - ANYBODY SEEN MY BABY?,1
,,IL CIVETTO - ALLES WAS ICH HAB,1
,,DELLÉ - ALLES WAS ICH HAB,1
,,DIANA KING - SHY GUY,1
,,ALPHAVILLE - SOUNDS LIKE A MELODY,1
,,CHRISTINA PERRI - A THOUSAND YEARS,1
,,GIGI D'AGOSTINO - L'AMOUR TOUJOURS,1
,,ALANIS MORISSETTE - UNINVITED,1
,,ALANIS MORISSETTE - THANK U,1
,,ALANIS MORISSETTE - GUARDIAN,1
,,THE POLICE - EVERY BREATH YOU TAKE,1
,,PETER GABRIEL - SLEDGEHAMMER,1
,,PETER GABRIEL - DON'T GIVE UP,1
,,KHALID - NUMB,1
,,KHALID - CAUGHT UP,1
,,KHALID - SILENCE,1
,,JOHN NEWMAN - IF YOU REALLY LOVE ME (HOW WILL I KNOW),1
,,GOOD CHARLOTTE - I JUST WANNA LIVE,1
,,GOOD CHARLOTTE - I DON’T WORK HERE ANYMORE,1
,,ORF VIENNA RADIO SYMPHONY ORCHESTRA - LIVING IN A HAZE,1
,,DAVID HASSELHOFF - DO THE LIMBO DANCE,1
,,RICK ASTLEY - NEVER GONNA GIVE YOU UP,1
,,JOEL CORRY - OUT OUT,1
,,NICO - THAT'S HOW YOU KNOW,1
,,VINZ - THAT'S HOW YOU KNOW,1
,,THE HEARTBREAKERS - RUNNIN' DOWN A DREAM,1
,,YOLANDA BE COOL - WE NO SPEAK AMERICANO,1
,,PAUL VAN DYK TOPIC - IN YOUR ARMS (FOR AN ANGEL),1
,,SOPHIE B. HAWKINS - DAMN I WISH I WAS YOUR LOVER,1
,,CREED - MY SACRIFICE,1
,,CHAKA DEMUS AND PLIERS WITH JACK RADICS - TWIST AND SHOUT,1
,,TAXI GANG - TWIST AND SHOUT,1
,,CULTURE CLUB - KARMA CHAMELEON,1
,,CULTURE CLUB - DO YOU REALLY WANT TO HURT ME,1
,,FRANS - IF I WERE SORRY,1
,,BOB SEGER - SHAKEDOWN,1
,,COLLECTIVE SOUL - SHINE,1
,,SCOOTER - HOW MUCH IS THE FISH?,1
,,BLACK - WONDERFUL LIFE,1
,,JASMINE THOMPSON - SUN GOES DOWN,1
,,JASMINE THOMPSON - AIN'T NOBODY (LOVES ME BETTER),1
,,CRYSTAL FIGHTERS - YOU & I,1
,,SIMPLE MINDS - DON'T YOU (FORGET ABOUT ME),1
,,CHAD KROEGER - HERO,1
,,JOSEY SCOTT - HERO,1
,,IRENE CARA - WHAT A FEELING,1
,,NEW RADICALS - SOMEDAY WE'LL KNOW,1
,,MEAT LOAF - I'D DO ANYTHING FOR LOVE,1
,,MEAT LOAF - I'D DO ANYTHING FOR LOVE (BUT I WON'T DO THAT),1
,,POISON - EVERY ROSE HAS ITS THORN,1
,,INCUBUS - DRIVE,1
,,INCUBUS - LOVE HURTS,1
,,HORSE - SWEET THING,1
,,KATE RYAN - DÉSENCHANTÉE,1
,,VANGELIS - CONQUEST OF PARADISE,1
,,N-SYNC - BYE BYE BYE,1
,,AYSANABEE - HOME,1
,,JUNGLE - ALL OF THE TIME,1
,,THE PUSSYCAT DOLLS - DON'T CHA,1
,,BUSTA RHYMES - DON'T CHA,1
,,EVERLAST - WHAT IT'S LIKE,1
,,GUSTTAVO LIMA - BALADA (TCHÊ TCHERERE TCHÊ TCHÊ),1
,,JOHN PARR - ST. ELMO'S FIRE,1
,,ALESSIA CARA - STAY,1
,,FLASH - MIDNIGHT MAN,1
,,THE PAN - MIDNIGHT MAN,1
,,PLAN B - SHE SAID,1
,,GWEN STEFANI - THE SWEET ESCAPE,1
,,GWEN STEFANI - COOL,1
,,PETER ANDRE - MYSTERIOUS GIRL,1
,,BUBBLER RANX - MYSTERIOUS GIRL,1
,,DOJA CAT - BORN AGAIN,1
,,DOJA CAT - SAY SO,1
,,TIM BENDZKO - NUR NOCH KURZ DIE WELT RETTEN,1
,,PORTUGAL. THE MAN - FEEL IT STILL,1
,,MORGAN WALLEN - I HAD SOME HELP,1
,,AXWELL Λ INGROSSO - MORE THAN YOU KNOW,1
,,ENNIO - 2 TEILE,1
,,SIXPENCE NONE THE RICHER - THERE SHE GOES,1
,,ZEDD - THE MIDDLE,1
,,ZEDD - STAY,1
,,GREY - THE MIDDLE,1
,,MAREN MORRIS - THE MIDDLE,1
,,ALMA - ALL STARS,1
,,JOSHUA KADISON - PICTURE POSTCARDS FROM L.A.,1
,,DANNY WILSON - MARY'S PRAYER,1
,,MANIC STREET PREACHERS - IF YOU TOLERATE THIS YOUR CHILDREN WILL BE NEXT,1
,,MAJID JORDAN - CAUGHT UP,1
,,INA WROLDSEN - BREATHE,1
,,STEVE WINWOOD - VALERIE,1
,,STEVE WINWOOD - HIGHER LOVE,1
,,GURU JOSH - INFINITY,1
,,CELESTE - STOP THIS FLAME,1
,,JACK JOHNSON - IF I HAD EYES,1
,,JACK JOHNSON - UPSIDE DOWN,1
,,ALEXIS JORDAN - GOT 2 LUV U,1
,,MISTAJAM - IF YOU REALLY LOVE ME (HOW WILL I KNOW),1
,,JP SAXE - IF THE WORLD WAS ENDING,1
,,JULIA MICHAELS - IF THE WORLD WAS ENDING,1
,,JULIA MICHAELS - ISSUES,1
,,HEART - ALONE,1
,,DJ ANTOINE VS. TIMATI - WELCOME TO ST. TROPEZ,1
,,KALENNA - WELCOME TO ST. TROPEZ,1
,,CLEMENTINE DOUGLAS - BLESSINGS,1
,,ALPHABEAT - FASCINATION,1
,,MARLON ROUDETTE - EVERYBODY FEELING SOMETHING,1
,,SEBASTIÁN YATRA - SUMMER DAYS,1
,,CEE LO GREEN - FORGET YOU,1
,,GRAHAM CANDY - SHE MOVES (FAR AWAY),1
,,CRYSTAL WATERS - GYPSY WOMAN (SHE'S HOMELESS),1
,,LISSIE - WHEN I'M ALONE,1
,,"BIG MOUNTAIN - BABY, I LOVE YOUR WAY",1
,,P!NK + WILLOW SAGE HART - COVER ME IN SUNSHINE,1
,,ULTRA NATÉ - FREE,1
,,BILLY RAY CYRUS - OLD TOWN ROAD (REMIX),1
,,MASON RAMSEY - OLD TOWN ROAD (REMIX),1
,,HIGHT - BEST LIFE,1
,,RICHARD MARX - SATISFIED,1
,,TAYLOR DAYNE - TELL IT TO MY HEART,1
,,KEANE - THIS IS THE LAST TIME,1
,,GUNS'N'ROSES - PARADISE CITY,1
,,GUNS'N'ROSES - NOVEMBER RAIN,1
,,STEVE PERRY - OH SHERRIE,1
,,SKUNK ANANSIE - HEDONISM (JUST BECAUSE YOU FEEL GOOD),1
,,WISIN - DUELE EL CORAZÓN,1
,,SNOW - INFORMER,1
,,INNER CIRCLE - GAMES PEOPLE PLAY,1
,,MICHAEL KIWANUKA - HOME AGAIN,1
,,ALICE MERTON - NO ROOTS,1
,,THE BUGGLES - VIDEO KILLED THE RADIO STAR,1
,,THE SMASHING PUMPKINS - 1979,1
,,FATBOY SLIM - PRAISE YOU,1
,,X - GOLDEN,1
,,KPOP DEMON HUNTERS CAST - GOLDEN,1
,,DANTE THOMAS - MISS CALIFORNIA,1
,,MILK - LET THE SUNSHINE IN,1
,,SUGAR - LET THE SUNSHINE IN,1
,,DRAKE - ONE DANCE,1
,,REDNEX - COTTON EYE JOE,1
,,ARETHA FRANKLIN WITH GEORGE MICHAEL - I KNEW YOU WERE WAITING (FOR ME),1
,,IYAZ - REPLAY,1
,,MICHAEL BUBLÉ - HAVEN'T MET YOU YET,1
,,MICHAEL BUBLÉ - IT'S A BEAUTIFUL DAY,1
,,TIMBALAND - MARCHIN ON,1
,,RICK SPRINGFIELD - ROCK OF LIFE,1
,,KATE YANAI - SUMMER DREAMIN',1
,,CRAZY TOWN - BUTTERFLY,1
,,MARY MARY - SHACKLES,1
,,MARTA JANDOVÁ - HALT DICH AN MIR FEST,1
,,A GREAT BIG WORLD - SAY SOMETHING,1
,,MANCHESTER ORCHESTRA - CAPITAL KARMA,1
,,2 UNLIMITED - NO LIMIT,1
,,SURVIVOR - BURNING HEART,1
,,ICONA POP - I LOVE IT,1
,,DANIEL MERRIWEATHER - CHANGE,1
,,KAROL G - SI ANTES TE HUBIERA CONOCIDO,1
,,ECHT - DU TRÄGST KEINE LIEBE IN DIR,1
,,SASH! - ECUADOR,1
,,MILLI VANILLI - GIRL YOU KNOW IT'S TRUE,1
,,SWEDISH HOUSE MAFIA - MOTH TO A FLAME,1
,,"GNASH - I HATE U, I LOVE U",1
,,"OLIVIA O'BRIEN - I HATE U, I LOVE U",1
,,ALIZÉE - MOI... LOLITA,1
,,LISA STANSFIELD - THE REAL THING,1
,,BLUE LAGOON - BREAK MY STRIDE,1
,,JOAN JETT AND THE BLACKHEARTS - I LOVE ROCK'N'ROLL,1
,,GLASPERLENSPIEL - GEILES LEBEN,1
,,ILIRA - FADING,1
,,THE RED HOT CHILI PEPPERS - ROAD TRIPPIN',1
,,ART OF NOISE - KISS,1
,,OUTKAST - HEY YA!,1
,,NICOLE KIDMAN - SOMETHING STUPID,1
,,TOM PETTY AND THE HEARTBREAKERS - I WON'T BACK DOWN,1
,,MIKA - HAPPY ENDING,1
,,"MIKA - RELAX, TAKE IT EASY",1
,,RAINBIRDS - BLUEPRINT,1
,,SOULSISTER - THE WAY TO YOUR HEART,1
,,RAF - WAVE,1
,,PHANTOM PLANET - CALIFORNIA,1
,,RABO - TALK TO ME,1
,,"HELGE SCHNEIDER - SOMMER, SONNE, KAKTUS!",1
,,ERIC CLAPTON - LAYLA,1
,,LAURYN HILL - DOO WOP (THAT THING),1
,,YES - OWNER OF A LONELY HEART,1
,,ALEXANDRA STAN - MR. SAXOBEAT,1
,,SELIG - OHNE DICH,1
,,ELVIS PRESLEY VS. JXL - A LITTLE LESS CONVERSATION,1
,,SADE - NO ORDINARY LOVE,1
,,MATY NOYES - STAY,1
,,KOOL - CHERISH,1
,,THE GANG - CHERISH,1
,,WILSON PHILLIPS - HOLD ON,1
,,FLORENCE - SHAKE IT OUT,1
,,THE MACHINE - SHAKE IT OUT,1
,,SINÉAD O'CONNOR - NOTHING COMPARES 2 U,1
,,FAUL - CHANGES,1
,,WAD AD VS. PNAU - CHANGES,1
,,THOMPSON TWINS - DOCTOR! DOCTOR!,1
,,SIGMA - NOBODY TO LOVE,1
,,INXS - NEVER TEAR US APART,1
,,BOMFUNK MC'S - FREESTYLER,1
,,THE CARDIGANS - LOVEFOOL,1
,,WIZKID - ONE DANCE,1
,,KYLA - ONE DANCE,1
,,DANIELLE BRISEBOIS - GIMME LITTLE SIGN,1
,,SABRINA SETLUR - DU LIEBST MICH NICHT,1
,,MASSIVE ATTACK - TEARDROP,1
,,SANDRO CAVAZZA - WITHOUT YOU,1
,,KATE NASH - FOUNDATIONS,1
,,CIAN DUCROT - LITTLE DREAMING,1
,,CIAN DUCROT - HEAVEN,1
,,SOUNDGARDEN - BLACK HOLE SUN,1
,,MELANIE THORNTON - WONDERFUL DREAM (HOLIDAYS ARE COMING),1
,,"MODERN TALKING - YOU'RE MY HEART, YOU'RE MY SOUL",1
,,ELEVATOR BOYS - CALIFORNIA,1
,,K STEWART - EVERYBODY FEELING SOMETHING,1
,,THE MAVERICKS - DANCE THE NIGHT AWAY,1
,,EELS - WHAT I HAVE TO OFFER,1
,,TQ - WESTSIDE,1
,,MARQUESS - VAYAMOS COMPAÑEROS,1
,,LINKIN PARK AND KIIARA - HEAVY,1
,,RAZORLIGHT - AMERICA,1
,,WIND EARTH - LET'S GROOVE,1
,,FIRE - LET'S GROOVE,1
,,RITON - TURN ME ON,1
,,OLIVER HELDENS - TURN ME ON,1
,,VULA - TURN ME ON,1
,,VANILLA ICE - ICE ICE BABY,1
,,YASHA - LILA WOLKEN,1
,,MISS PLATNUM - LILA WOLKEN,1
,,SAVAGE GARDEN - TO THE MOON AND BACK,1
,,A FLOCK OF SEAGULLS - I RAN,1
,,SARA BAREILLES - LOVE SONG,1
,,LIFEHOUSE - HALFWAY GONE,1
,,LUCENZO DON OMAR - DANZA KUDURO,1
,,MIKE POSNER - I TOOK A PILL IN IBIZA,1
,,AARON - SCHÖNSTEZEIT,1
,,EDIE BRICKELL - WHAT I AM,1
,,NEW BOHEMIANS - WHAT I AM,1
,,CHARLI XCX - OUT OUT,1
,,SAWEETIE - OUT OUT,1
,,BRYN CHRISTOPHER - SWEET LOVIN',1
,,THE CAESARS - JERK IT OUT,1
,,CARDI B - GIRLS LIKE YOU,1
,,KID INK - THAT'S HOW YOU KNOW,1
,,BACHMAN-TURNER OVERDRIVE - YOU AIN'T SEEN NOTHIN' YET,1
,,DISTURBED - THE SOUND OF SILENCE,1
,,DEEP BLUE SOMETHING - BREAKFAST AT TIFFANY'S,1
,,ANDERSON EAST - ALL ON MY MIND,1
,,"DAS BO - TÜRLICH, TÜRLICH (SICHER DICKER)",1
,,JAMES ARTHUR - SAY YOU WON'T LET GO,1
,,MIDNIGHT OIL - BEDS ARE BURNING,1
,,ONE REPUBLIC - SECRETS,1
,,HIM - JOIN ME,1
,,ALESSO - WHEN I'M GONE,1
,,THE CARS - DRIVE,1
,,MOUSSE T. VS. HOT'N'JUICY - HORNY '98,1
,,JAWSH 685 - SAVAGE LOVE,1
,,DISCLOSURE - LATCH,1
,,THE WALLFLOWERS - ONE HEADLIGHT,1
,,NAMIKA - JE NE PARLE PAS FRANÇAIS,1
,,BECKY HILL - CRAZY WHAT LOVE CAN DO,1
